time,open,high,low,close,vwap,volume,count
2026-09-26 22:45:00+00:00,84256.2,84328.5,84246.2,84264.4,84263.6,10.59005229,618.0
2026-09-26 23:00:00+00:00,84264.4,84350.0,84264.4,84338.0,84308.6,4.91533935,664.0
2026-09-26 23:15:00+00:00,84338.1,84426.0,84317.3,84361.6,84369.7,13.44727733,973.0
2026-09-26 23:30:00+00:00,84361.7,84420.5,84329.9,84339.8,84401.0,10.59612398,852.0
2026-09-26 23:45:00+00:00,84339.8,84451.3,84339.8,84426.7,84430.0,10.95693315,700.0
2026-09-27 00:00:00+00:00,84426.8,84426.8,84246.7,84308.0,84285.5,72.3099018,808.0
2026-09-27 00:15:00+00:00,84308.1,84308.1,84235.6,84240.7,84257.7,4.34118161,362.0
2026-09-27 00:30:00+00:00,84240.7,84371.2,84240.6,84327.0,84311.8,7.94082222,651.0
2026-09-27 00:45:00+00:00,84327.0,84335.7,84279.8,84291.6,84290.3,11.66327087,454.0
2026-09-27 01:00:00+00:00,84291.7,84377.5,84263.7,84377.5,84311.0,2.30041856,497.0
2026-09-27 01:15:00+00:00,84379.1,84395.9,84313.0,84313.1,84350.0,2.14893229,682.0
2026-09-27 01:30:00+00:00,84313.3,84395.8,84288.6,84395.8,84314.8,3.71335441,508.0
2026-09-27 01:45:00+00:00,84395.8,84555.0,84395.8,84475.1,84495.5,13.95406707,985.0
2026-09-27 02:00:00+00:00,84475.1,84521.6,84433.5,84479.2,84453.6,15.69283018,833.0
2026-09-27 02:15:00+00:00,84479.3,84525.3,84449.7,84486.0,84487.8,38.90256455,686.0
2026-09-27 02:30:00+00:00,84486.0,84522.3,84453.2,84459.7,84487.8,2.86471432,403.0
2026-09-27 02:45:00+00:00,84459.6,84465.7,84424.6,84437.5,84446.5,4.59541269,485.0
2026-09-27 03:00:00+00:00,84437.5,84499.9,84437.1,84465.4,84484.0,13.89455315,484.0
2026-09-27 03:15:00+00:00,84465.3,84465.4,84356.2,84370.5,84417.4,1.92091048,486.0
2026-09-27 03:30:00+00:00,84370.6,84417.8,84370.6,84386.8,84399.2,3.28674177,505.0
2026-09-27 03:45:00+00:00,84386.9,84399.2,84356.3,84380.0,84376.3,2.96428492,380.0
2026-09-27 04:00:00+00:00,84380.0,84478.4,84367.0,84463.4,84411.6,3.97847989,551.0
2026-09-27 04:15:00+00:00,84461.1,84471.9,84397.2,84397.2,84440.8,2.03872636,468.0
2026-09-27 04:30:00+00:00,84397.2,84397.2,84288.9,84288.9,84317.1,3.04432797,537.0
2026-09-27 04:45:00+00:00,84288.9,84336.0,84280.6,84317.4,84301.9,7.37567456,481.0
2026-09-27 05:00:00+00:00,84317.5,84383.7,84301.1,84360.3,84338.1,4.28256063,482.0
2026-09-27 05:15:00+00:00,84371.5,84388.0,84371.4,84373.4,84382.0,1.60416128,258.0
2026-09-27 05:30:00+00:00,84373.4,84618.8,84373.3,84526.6,84518.3,31.14070211,893.0
2026-09-27 05:45:00+00:00,84529.4,84554.0,84446.7,84471.2,84496.6,16.15343908,524.0
2026-09-27 06:00:00+00:00,84452.6,84587.5,84452.5,84581.0,84540.8,8.82381354,663.0
2026-09-27 06:15:00+00:00,84581.0,84603.0,84518.1,84568.9,84575.9,2.46503688,593.0
2026-09-27 06:30:00+00:00,84569.0,84587.7,84495.1,84506.9,84520.0,6.69855701,566.0
2026-09-27 06:45:00+00:00,84506.0,84540.7,84463.0,84505.3,84501.3,7.90060757,453.0
2026-09-27 07:00:00+00:00,84497.2,84526.5,84497.0,84515.6,84510.3,2.72785361,461.0
2026-09-27 07:15:00+00:00,84517.0,84530.0,84467.7,84506.4,84495.1,1.53397581,445.0
2026-09-27 07:30:00+00:00,84506.4,84603.0,84506.2,84600.2,84549.8,3.07991711,563.0
2026-09-27 07:45:00+00:00,84597.3,84768.9,84597.2,84767.9,84682.7,25.56439002,1005.0
2026-09-27 08:00:00+00:00,84767.9,84832.7,84703.0,84793.3,84783.8,45.71007051,1086.0
2026-09-27 08:15:00+00:00,84793.2,84850.0,84739.0,84794.3,84802.3,9.91673459,925.0
2026-09-27 08:30:00+00:00,84794.3,84871.3,84687.4,84733.1,84769.8,10.09793602,907.0
2026-09-27 08:45:00+00:00,84733.4,84806.0,84703.0,84774.7,84763.6,6.57526436,686.0
2026-09-27 09:00:00+00:00,84774.7,84776.3,84576.5,84653.7,84689.1,19.44574613,902.0
2026-09-27 09:15:00+00:00,84653.7,84687.4,84615.9,84687.4,84668.3,23.24984669,605.0
2026-09-27 09:30:00+00:00,84687.4,84780.0,84682.3,84780.0,84734.3,3.16490309,706.0
2026-09-27 09:45:00+00:00,84780.0,84940.9,84779.9,84937.6,84874.3,32.70582514,1239.0
2026-09-27 10:00:00+00:00,84937.6,85041.1,84885.6,85021.0,84998.0,35.50951416,1103.0
2026-09-27 10:15:00+00:00,85021.0,85104.0,84895.9,84907.0,84998.7,4.70702104,1158.0
2026-09-27 10:30:00+00:00,84907.0,84920.9,84835.7,84835.7,84889.2,14.25950924,599.0
2026-09-27 10:45:00+00:00,84835.8,84901.1,84786.1,84866.5,84816.7,10.93550831,728.0
2026-09-27 11:00:00+00:00,84862.5,84925.9,84819.2,84895.5,84897.6,2.83813889,801.0
2026-09-27 11:15:00+00:00,84895.6,84925.1,84818.2,84880.2,84858.0,5.19173223,740.0
2026-09-27 11:30:00+00:00,84880.1,84885.6,84813.3,84885.6,84848.8,2.04599054,602.0
2026-09-27 11:45:00+00:00,84885.7,84902.8,84821.1,84875.6,84875.7,3.38287528,635.0
2026-09-27 12:00:00+00:00,84876.7,84993.1,84876.6,84986.3,84945.8,12.07310273,628.0
2026-09-27 12:15:00+00:00,84986.4,85013.4,84934.0,84941.4,84977.4,4.1789624,575.0
2026-09-27 12:30:00+00:00,84947.1,84989.4,84938.8,84967.5,84974.4,3.53403944,579.0
2026-09-27 12:45:00+00:00,84965.6,84974.8,84777.3,84778.7,84878.9,13.9551531,830.0
2026-09-27 13:00:00+00:00,84778.7,84795.0,84621.7,84629.7,84684.4,16.81987504,1518.0
2026-09-27 13:15:00+00:00,84631.5,84930.0,84631.4,84921.2,84755.4,10.37605329,853.0
2026-09-27 13:30:00+00:00,84921.2,85142.8,84776.1,84779.5,84957.4,23.11088934,1517.0
2026-09-27 13:45:00+00:00,84779.5,85029.1,84723.8,85015.3,84907.8,12.61840269,1047.0
2026-09-27 14:00:00+00:00,85016.8,85036.5,84895.1,84985.0,84971.7,12.48348031,1206.0
2026-09-27 14:15:00+00:00,84985.1,85010.1,84675.1,84688.8,84758.5,24.10841331,1532.0
2026-09-27 14:30:00+00:00,84688.9,84782.6,84655.5,84722.2,84752.9,64.67969621,1289.0
2026-09-27 14:45:00+00:00,84721.9,84729.9,84412.6,84517.7,84574.7,79.42433276,1822.0
2026-09-27 15:00:00+00:00,84517.8,84571.0,84351.6,84496.2,84433.5,33.83433548,1875.0
2026-09-27 15:15:00+00:00,84493.3,84604.2,84436.8,84600.0,84564.7,16.46316643,1482.0
2026-09-27 15:30:00+00:00,84600.0,84629.5,84423.9,84423.9,84535.9,4.35493977,1060.0
2026-09-27 15:45:00+00:00,84424.0,84489.9,84417.2,84450.1,84448.4,4.30230652,917.0
2026-09-27 16:00:00+00:00,84450.2,84576.9,84447.3,84547.4,84522.4,2.68967842,849.0
2026-09-27 16:15:00+00:00,84547.4,84650.4,84487.6,84555.6,84603.0,13.68417157,1059.0
2026-09-27 16:30:00+00:00,84555.6,84555.6,84361.7,84366.4,84435.9,16.67631356,1385.0
2026-09-27 16:45:00+00:00,84368.5,84433.1,84362.7,84409.8,84397.1,13.94561327,998.0
2026-09-27 17:00:00+00:00,84409.9,84458.6,84314.9,84375.8,84396.4,17.48886932,1156.0
2026-09-27 17:15:00+00:00,84375.8,84440.4,84375.8,84416.8,84419.0,3.81894998,651.0
2026-09-27 17:30:00+00:00,84416.9,84507.1,84416.8,84461.4,84479.1,11.51514737,791.0
2026-09-27 17:45:00+00:00,84461.4,84543.0,84461.3,84543.0,84529.8,6.0355583,553.0
2026-09-27 18:00:00+00:00,84543.0,84593.3,84542.9,84590.4,84549.1,10.63757394,646.0
2026-09-27 18:15:00+00:00,84590.2,84725.0,84587.2,84724.2,84653.3,6.685407,826.0
2026-09-27 18:30:00+00:00,84724.2,84760.3,84654.6,84742.4,84703.3,3.25449208,873.0
2026-09-27 18:45:00+00:00,84746.3,84800.0,84688.0,84791.9,84734.2,20.58309329,968.0
2026-09-27 19:00:00+00:00,84792.0,84821.8,84704.9,84768.8,84756.3,5.97250087,821.0
2026-09-27 19:15:00+00:00,84772.9,84828.3,84665.9,84688.1,84719.4,27.51888559,872.0
2026-09-27 19:30:00+00:00,84688.2,84788.6,84640.7,84757.2,84693.8,17.11912043,875.0
2026-09-27 19:45:00+00:00,84761.3,84808.1,84712.2,84716.5,84762.6,4.80086583,684.0
2026-09-27 20:00:00+00:00,84716.5,84796.8,84716.4,84796.6,84745.0,10.96847749,657.0
2026-09-27 20:15:00+00:00,84796.5,84796.6,84599.9,84599.9,84641.9,23.79068589,852.0
2026-09-27 20:30:00+00:00,84600.0,84625.0,84560.0,84621.7,84598.6,17.70708257,893.0
2026-09-27 20:45:00+00:00,84621.8,84624.2,84523.0,84529.1,84549.4,5.13090875,843.0
2026-09-27 21:00:00+00:00,84529.2,84665.2,84529.1,84665.1,84595.5,7.8586908,669.0
2026-09-27 21:15:00+00:00,84665.2,84700.0,84594.7,84594.7,84659.0,3.81461246,642.0
2026-09-27 21:30:00+00:00,84594.8,84611.6,84448.2,84535.4,84547.8,5.95172512,1046.0
2026-09-27 21:45:00+00:00,84535.4,84676.3,84535.4,84659.9,84653.4,4.40099737,633.0
2026-09-27 22:00:00+00:00,84660.0,84751.1,84278.5,84304.3,84452.6,53.21100861,1876.0
2026-09-27 22:15:00+00:00,84304.4,84554.6,84262.0,84534.9,84386.0,6.45362628,895.0
2026-09-27 22:30:00+00:00,84534.9,84534.9,84161.4,84171.5,84213.0,24.62443691,1314.0
2026-09-27 22:45:00+00:00,84171.6,84222.4,84124.2,84171.3,84155.1,22.92698759,848.0
2026-09-27 23:00:00+00:00,84171.4,84274.5,84122.8,84207.7,84224.1,18.25901093,1142.0
2026-09-27 23:15:00+00:00,84207.6,84418.8,84195.0,84381.5,84337.2,11.91841082,800.0
2026-09-27 23:30:00+00:00,84381.5,84446.5,84318.4,84318.5,84389.2,4.37854522,699.0
2026-09-27 23:45:00+00:00,84318.5,84521.2,84318.5,84444.2,84448.7,16.96397191,766.0
2026-09-28 00:00:00+00:00,84444.2,84551.2,84354.0,84414.9,84500.8,27.26299112,1073.0
2026-09-28 00:15:00+00:00,84414.8,85060.8,84409.0,84786.9,84913.7,102.68731861,1800.0
2026-09-28 00:30:00+00:00,84775.8,84775.8,84196.2,84284.8,84467.5,91.83242126,1698.0
2026-09-28 00:45:00+00:00,84293.6,84602.1,84120.4,84126.6,84384.5,27.66310746,1433.0
2026-09-28 01:00:00+00:00,84126.6,84201.4,83928.0,83950.9,84033.1,41.61561878,1986.0
2026-09-28 01:15:00+00:00,83950.9,84135.5,83870.2,84058.8,83971.3,30.80955057,1539.0
2026-09-28 01:30:00+00:00,84058.8,84133.4,83788.4,83796.7,83946.9,70.72872051,1662.0
2026-09-28 01:45:00+00:00,83796.8,83892.9,83609.6,83683.8,83752.1,60.3420936,1879.0
2026-09-28 02:00:00+00:00,83683.8,83768.8,83469.2,83732.7,83600.2,57.10859746,2198.0
2026-09-28 02:15:00+00:00,83732.7,83732.7,83553.2,83628.7,83653.4,12.77528389,1042.0
2026-09-28 02:30:00+00:00,83628.8,83628.8,83413.8,83476.4,83493.6,13.6503528,1244.0
2026-09-28 02:45:00+00:00,83478.5,83528.7,83381.8,83386.6,83448.8,8.63237709,931.0
2026-09-28 03:00:00+00:00,83395.8,83512.7,83369.1,83423.7,83423.6,15.98192497,1167.0
2026-09-28 03:15:00+00:00,83423.6,83486.5,83291.4,83314.7,83377.7,17.24353577,1175.0
2026-09-28 03:30:00+00:00,83314.7,83471.0,83201.6,83439.2,83308.9,46.211096,1388.0
2026-09-28 03:45:00+00:00,83436.5,83455.8,83311.0,83319.8,83401.0,27.36552396,870.0
2026-09-28 04:00:00+00:00,83319.9,83411.5,83214.3,83411.5,83333.1,12.0094162,1216.0
2026-09-28 04:15:00+00:00,83411.5,83494.4,83357.5,83466.8,83405.4,14.75541735,690.0
2026-09-28 04:30:00+00:00,83466.8,83498.0,83417.6,83483.5,83449.7,3.7816713,550.0
2026-09-28 04:45:00+00:00,83483.6,83491.0,83416.0,83479.4,83461.6,6.59990009,613.0
2026-09-28 05:00:00+00:00,83479.4,83516.7,83238.8,83309.4,83360.0,18.25423587,1008.0
2026-09-28 05:15:00+00:00,83309.4,83326.3,83013.2,83057.5,83105.3,81.55413457,1555.0
2026-09-28 05:30:00+00:00,83057.6,83117.6,82688.5,83117.6,82909.9,79.84414852,2337.0
2026-09-28 05:45:00+00:00,83117.6,83173.7,83030.6,83170.3,83105.5,66.40490028,1323.0
2026-09-28 06:00:00+00:00,83167.0,83278.3,83125.0,83233.9,83204.5,14.13963326,1123.0
2026-09-28 06:15:00+00:00,83234.0,83234.0,83034.1,83034.2,83139.3,10.17423587,1004.0
2026-09-28 06:30:00+00:00,83034.2,83199.2,83026.5,83159.1,83135.2,14.68443924,1187.0
2026-09-28 06:45:00+00:00,83158.0,83201.3,83089.6,83134.9,83138.7,23.79690052,1043.0
2026-09-28 07:00:00+00:00,83134.9,83251.2,83026.1,83037.6,83167.7,14.89010672,1436.0
2026-09-28 07:15:00+00:00,83055.0,83125.9,82908.0,82913.1,83010.2,11.38388025,1206.0
2026-09-28 07:30:00+00:00,82913.1,83013.5,82873.1,82901.3,82931.2,45.06840022,1467.0
2026-09-28 07:45:00+00:00,82898.2,83087.9,82893.7,82931.3,82966.6,13.56185424,1351.0
2026-09-28 08:00:00+00:00,82928.8,83116.1,82878.5,82991.4,82977.3,9.84327582,1665.0
2026-09-28 08:15:00+00:00,82991.7,83006.7,82775.1,82802.4,82819.6,54.8536477,1612.0
2026-09-28 08:30:00+00:00,82802.5,82927.4,82742.5,82882.7,82859.8,64.74146678,1830.0
2026-09-28 08:45:00+00:00,82882.7,82983.0,82858.3,82923.5,82919.6,17.19048072,1354.0
2026-09-28 09:00:00+00:00,82923.5,82965.0,82567.1,82841.6,82686.0,32.87081139,2045.0
2026-09-28 09:15:00+00:00,82841.6,82933.2,82723.6,82786.9,82852.3,33.36482901,1638.0
2026-09-28 09:30:00+00:00,82786.9,82812.9,82566.4,82591.8,82690.6,40.39658716,1488.0
2026-09-28 09:45:00+00:00,82591.9,82747.0,82579.3,82632.9,82628.4,19.55104453,1343.0
2026-09-28 10:00:00+00:00,82632.9,82822.1,82632.9,82724.1,82712.1,31.34683076,1683.0
2026-09-28 10:15:00+00:00,82724.2,82818.1,82697.3,82778.8,82758.1,11.3636336,1360.0
2026-09-28 10:30:00+00:00,82778.8,82923.8,82737.0,82915.4,82877.3,35.1334746,1240.0
2026-09-28 10:45:00+00:00,82915.4,83004.4,82835.5,82920.4,82928.4,34.56192623,1540.0
2026-09-28 11:00:00+00:00,82920.4,83021.7,82920.4,82952.4,82971.6,28.95583769,1617.0
2026-09-28 11:15:00+00:00,82952.3,83039.6,82937.1,82979.9,82989.0,16.14568483,1514.0
2026-09-28 11:30:00+00:00,82980.0,83072.3,82948.2,83045.6,83028.5,10.09542555,1270.0
2026-09-28 11:45:00+00:00,83045.2,83065.0,82949.4,83062.3,83017.3,13.34375331,1213.0
2026-09-28 12:00:00+00:00,83062.2,83479.2,82990.0,83356.7,83296.4,53.00693737,2539.0
2026-09-28 12:15:00+00:00,83356.7,83437.9,83256.4,83341.6,83353.4,23.52156652,2130.0
2026-09-28 12:30:00+00:00,83341.6,83404.0,83241.8,83328.0,83322.7,28.99440263,1965.0
2026-09-28 12:45:00+00:00,83328.0,83609.7,83328.0,83559.6,83495.5,51.37004061,2133.0
2026-09-28 13:00:00+00:00,83559.9,83559.9,83281.6,83381.5,83418.0,24.80345141,1673.0
2026-09-28 13:15:00+00:00,83381.5,83536.0,83335.7,83536.0,83431.6,16.76177477,1547.0
2026-09-28 13:30:00+00:00,83536.0,83790.2,83364.3,83720.7,83590.9,52.53502247,3175.0
2026-09-28 13:45:00+00:00,83720.7,83795.5,83455.0,83623.6,83663.3,33.46840659,2592.0
2026-09-28 14:00:00+00:00,83623.6,83625.3,83304.9,83381.2,83422.2,32.16138519,2750.0
2026-09-28 14:15:00+00:00,83381.2,83577.6,83082.9,83230.0,83348.0,34.20672136,2530.0
2026-09-28 14:30:00+00:00,83219.5,83455.2,82826.2,82918.7,83040.2,86.14323986,3125.0
2026-09-28 14:45:00+00:00,82921.5,83040.5,82568.9,82998.6,82777.6,77.82659318,3094.0
2026-09-28 15:00:00+00:00,82998.6,83243.4,82909.2,82942.2,83040.5,27.06333616,2562.0
2026-09-28 15:15:00+00:00,82938.7,83098.0,82776.2,83039.8,82939.0,45.64423358,2568.0
2026-09-28 15:30:00+00:00,83044.8,83332.9,82987.2,83184.4,83139.8,48.56298676,2356.0
2026-09-28 15:45:00+00:00,83184.3,83379.1,83177.9,83340.3,83256.3,30.41964045,2103.0
2026-09-28 16:00:00+00:00,83339.8,83459.2,83225.8,83394.7,83318.0,20.69194911,2171.0
2026-09-28 16:15:00+00:00,83394.6,84164.2,83357.1,83989.3,83833.3,80.48165181,3144.0
2026-09-28 16:30:00+00:00,83988.8,84093.5,83653.1,83700.0,83926.6,52.0713981,2337.0
2026-09-28 16:45:00+00:00,83699.9,83747.1,83552.3,83700.1,83671.1,35.3942489,2020.0
2026-09-28 17:00:00+00:00,83700.1,84215.5,83534.6,84212.1,83803.5,101.18241856,2457.0
2026-09-28 17:15:00+00:00,84212.9,84338.1,83842.9,83874.1,84044.6,69.8844975,2518.0
2026-09-28 17:30:00+00:00,83874.1,84000.8,83814.4,83981.4,83888.4,27.43331236,2063.0
2026-09-28 17:45:00+00:00,83981.5,84027.1,83803.2,83844.8,83896.1,9.94953515,1802.0
2026-09-28 18:00:00+00:00,83844.8,83949.4,83812.4,83948.4,83906.8,6.91487405,1520.0
2026-09-28 18:15:00+00:00,83948.5,83977.7,83876.9,83905.7,83945.4,16.95918673,1256.0
2026-09-28 18:30:00+00:00,83905.7,83922.8,83770.0,83844.7,83870.3,39.91188973,1814.0
2026-09-28 18:45:00+00:00,83844.7,84021.1,83781.1,84013.9,83976.8,35.89377221,1343.0
2026-09-28 19:00:00+00:00,84011.0,84018.3,83631.1,83692.4,83727.7,28.69454285,2007.0
2026-09-28 19:15:00+00:00,83692.3,83698.5,83600.0,83608.7,83649.8,52.53725349,1307.0
2026-09-28 19:30:00+00:00,83614.9,83625.6,83081.9,83283.7,83394.7,98.7302819,2412.0
2026-09-28 19:45:00+00:00,83283.7,83392.1,83240.6,83350.2,83341.0,29.66485645,1407.0
2026-09-28 20:00:00+00:00,83351.0,83578.2,83222.8,83535.7,83340.1,84.52390376,1738.0
2026-09-28 20:15:00+00:00,83534.7,83534.7,83428.8,83451.7,83501.1,29.25073562,1388.0
2026-09-28 20:30:00+00:00,83451.8,83541.5,83423.0,83452.7,83503.7,9.19474946,1205.0
2026-09-28 20:45:00+00:00,83452.7,83513.1,83400.1,83502.9,83454.9,8.81670897,1088.0
2026-09-28 21:00:00+00:00,83503.0,83623.7,83503.0,83542.4,83567.1,13.58814084,1162.0
2026-09-28 21:15:00+00:00,83542.4,83544.9,83411.4,83421.6,83462.0,6.55260741,817.0
2026-09-28 21:30:00+00:00,83423.7,83433.0,83359.1,83386.3,83396.5,4.47470807,835.0
2026-09-28 21:45:00+00:00,83386.3,83398.2,83176.0,83178.1,83275.9,26.27739828,1019.0
2026-09-28 22:00:00+00:00,83178.2,83206.7,83059.8,83152.5,83122.7,13.70430038,1514.0
2026-09-28 22:15:00+00:00,83147.5,83203.5,83112.9,83200.1,83173.2,6.77918555,1049.0
2026-09-28 22:30:00+00:00,83200.2,83450.0,83198.4,83447.4,83336.8,4.81394408,821.0
2026-09-28 22:45:00+00:00,83450.5,83511.0,83445.2,83510.9,83478.4,5.03444912,750.0
2026-09-28 23:00:00+00:00,83509.3,83601.5,83404.6,83413.2,83513.8,7.51990224,1178.0
2026-09-28 23:15:00+00:00,83413.2,83550.3,83413.2,83550.0,83507.5,5.74154985,929.0
2026-09-28 23:30:00+00:00,83550.0,83584.3,83534.1,83560.1,83555.2,2.13815998,478.0
2026-09-28 23:45:00+00:00,83562.7,83562.8,83458.1,83462.7,83518.4,5.32581953,720.0
2026-09-29 00:00:00+00:00,83462.7,83508.9,83422.8,83485.6,83468.0,6.22360682,1094.0
2026-09-29 00:15:00+00:00,83485.6,83514.2,83313.4,83511.0,83425.9,9.17247158,1220.0
2026-09-29 00:30:00+00:00,83511.0,83581.7,83422.5,83499.2,83516.6,22.71491796,1250.0
2026-09-29 00:45:00+00:00,83498.2,83498.2,83140.7,83149.0,83340.8,38.382541,1438.0
2026-09-29 01:00:00+00:00,83148.3,83208.0,82950.0,82996.5,83029.4,60.2172001,1874.0
2026-09-29 01:15:00+00:00,82996.6,83020.7,82791.0,82791.0,82877.6,40.56913833,1852.0
2026-09-29 01:30:00+00:00,82791.0,82974.6,82735.1,82927.7,82815.5,27.45117794,2026.0
2026-09-29 01:45:00+00:00,82927.7,83074.8,82874.5,83029.2,82998.2,17.79703897,1566.0
2026-09-29 02:00:00+00:00,83029.2,83068.0,82879.0,82983.4,82986.2,5.29995786,1695.0
2026-09-29 02:15:00+00:00,82983.4,83128.3,82881.6,82941.7,83016.8,16.3475268,1531.0
2026-09-29 02:30:00+00:00,82944.8,83001.2,82858.9,83001.1,82908.7,10.79183483,1259.0
2026-09-29 02:45:00+00:00,82994.2,83083.2,82866.3,82936.4,82984.1,9.91868939,1203.0
2026-09-29 03:00:00+00:00,82936.4,83009.9,82861.7,82861.7,82949.5,6.14160223,1083.0
2026-09-29 03:15:00+00:00,82861.8,83181.6,82828.4,83172.4,83039.4,28.31413622,1351.0
2026-09-29 03:30:00+00:00,83173.4,83174.9,83076.5,83082.5,83117.4,3.90201716,1152.0
2026-09-29 03:45:00+00:00,83082.6,83133.9,83008.8,83035.7,83084.2,4.25054843,1001.0
2026-09-29 04:00:00+00:00,83040.4,83131.7,82989.1,83099.2,83064.0,10.70453912,1150.0
2026-09-29 04:15:00+00:00,83099.3,83265.9,83099.3,83185.9,83195.2,15.01001456,1024.0
2026-09-29 04:30:00+00:00,83185.9,83195.7,83072.5,83131.9,83130.5,2.39439496,836.0
2026-09-29 04:45:00+00:00,83125.7,83182.2,83040.1,83170.5,83139.9,5.17742085,878.0
2026-09-29 05:00:00+00:00,83172.1,83216.0,83142.3,83216.0,83205.3,6.74096343,881.0
2026-09-29 05:15:00+00:00,83216.0,83316.9,83183.5,83286.4,83248.5,12.67219635,1011.0
2026-09-29 05:30:00+00:00,83285.9,83293.6,82934.6,83269.1,83047.5,11.81009399,1694.0
2026-09-29 05:45:00+00:00,83264.0,83399.0,83184.0,83399.0,83300.0,8.73971285,1128.0
2026-09-29 06:00:00+00:00,83399.1,83859.4,83383.6,83859.4,83572.8,27.34841114,1640.0
2026-09-29 06:15:00+00:00,83859.4,83859.4,83703.0,83829.0,83805.4,11.4793788,1437.0
2026-09-29 06:30:00+00:00,83829.0,83921.0,83806.1,83871.9,83852.6,19.02322078,1030.0
2026-09-29 06:45:00+00:00,83870.7,83971.4,83825.9,83971.3,83920.6,18.23037512,1032.0
2026-09-29 07:00:00+00:00,83971.3,84000.0,83835.1,83952.9,83945.3,11.36799311,1570.0
2026-09-29 07:15:00+00:00,83952.9,84032.0,83885.6,83956.3,83957.7,13.02551572,1443.0
2026-09-29 07:30:00+00:00,83959.0,84162.9,83924.3,83989.8,84056.1,36.79726958,1318.0
2026-09-29 07:45:00+00:00,83989.9,84031.6,83935.5,83951.3,83975.6,37.16944209,861.0
2026-09-29 08:00:00+00:00,83951.3,84049.7,83944.7,84010.7,83994.0,6.5804467,1342.0
2026-09-29 08:15:00+00:00,84009.0,84324.8,84009.0,84130.7,84150.0,24.46694527,1776.0
2026-09-29 08:30:00+00:00,84130.8,84130.8,83810.4,83823.5,83928.4,31.61435634,1814.0
2026-09-29 08:45:00+00:00,83823.5,83851.2,83770.2,83846.4,83819.1,7.05141468,1000.0
2026-09-29 09:00:00+00:00,83846.4,83852.2,83740.2,83755.0,83772.3,3.94469613,1156.0
2026-09-29 09:15:00+00:00,83755.0,83874.9,83731.9,83819.7,83797.0,15.61899268,1054.0
2026-09-29 09:30:00+00:00,83819.6,83984.3,83805.9,83978.7,83898.0,5.06961007,1070.0
2026-09-29 09:45:00+00:00,83983.1,84291.8,83964.0,84222.8,84162.2,63.5349037,1782.0
2026-09-29 10:00:00+00:00,84222.8,84297.0,84128.0,84180.3,84196.8,14.04488357,1277.0
2026-09-29 10:15:00+00:00,84180.3,84192.5,84033.1,84123.3,84080.2,8.97251521,945.0
2026-09-29 10:30:00+00:00,84125.7,84128.2,83961.2,83980.0,84024.8,14.56081687,1149.0
2026-09-29 10:45:00+00:00,83980.0,84047.2,83947.2,83999.2,84004.5,3.88997515,913.0
2026-09-29 11:00:00+00:00,83999.2,84067.9,83897.3,83993.0,83991.5,12.5421588,1361.0
2026-09-29 11:15:00+00:00,83996.2,84051.9,83958.0,84040.8,84006.7,5.89222394,883.0
2026-09-29 11:30:00+00:00,84040.8,84245.0,84040.7,84236.0,84175.5,19.81493268,1493.0
2026-09-29 11:45:00+00:00,84236.1,84464.6,84216.0,84324.2,84367.8,44.31595972,1788.0
2026-09-29 12:00:00+00:00,84324.2,84409.5,84271.2,84301.6,84340.8,13.42168627,1481.0
2026-09-29 12:15:00+00:00,84301.6,84461.9,84109.6,84183.4,84228.3,53.07132452,1860.0
2026-09-29 12:30:00+00:00,84186.5,84443.2,84181.9,84340.1,84273.6,29.63450786,1819.0
2026-09-29 12:45:00+00:00,84341.4,84372.2,84230.2,84305.6,84275.8,13.32827665,1629.0
2026-09-29 13:00:00+00:00,84305.3,84422.5,84240.2,84382.6,84284.6,17.20890061,1650.0
2026-09-29 13:15:00+00:00,84382.6,84527.1,84322.5,84342.1,84422.5,35.72326655,1781.0
2026-09-29 13:30:00+00:00,84337.2,84337.2,84001.8,84162.8,84140.2,43.98175669,2847.0
2026-09-29 13:45:00+00:00,84165.5,84433.0,84059.6,84189.9,84225.4,19.50504391,2390.0
2026-09-29 14:00:00+00:00,84190.0,84272.0,83832.5,83903.3,83931.0,55.88807496,2515.0
2026-09-29 14:15:00+00:00,83903.3,84061.4,83833.3,83913.0,83905.5,16.48850414,2101.0
2026-09-29 14:30:00+00:00,83913.1,83988.5,83752.6,83873.2,83855.0,25.79352035,2318.0
2026-09-29 14:45:00+00:00,83873.2,83988.5,83659.6,83722.5,83808.8,53.85484454,2112.0
2026-09-29 15:00:00+00:00,83722.6,83722.6,83329.1,83401.3,83545.9,53.28976214,2902.0
2026-09-29 15:15:00+00:00,83401.3,83470.0,82879.2,82953.0,83047.3,150.62982799,3414.0
2026-09-29 15:30:00+00:00,82966.5,83219.9,82946.4,83156.5,83120.1,66.21160991,2479.0
2026-09-29 15:45:00+00:00,83156.5,83309.2,82913.4,83050.9,83084.4,48.2731461,2668.0
2026-09-29 16:00:00+00:00,83054.7,83133.9,82941.6,83017.2,83044.5,29.24081855,2144.0
2026-09-29 16:15:00+00:00,83017.2,83274.9,82975.6,83234.5,83143.1,42.55998018,1902.0
2026-09-29 16:30:00+00:00,83233.6,83253.8,83015.5,83015.5,83134.8,19.07360015,1992.0
2026-09-29 16:45:00+00:00,83015.5,83058.0,82884.3,83032.5,82975.1,48.23912747,2175.0
2026-09-29 17:00:00+00:00,83032.5,83171.5,82990.0,83145.2,83113.3,29.44063542,1791.0
2026-09-29 17:15:00+00:00,83146.5,83160.0,83022.9,83155.1,83085.4,15.51206674,1727.0
2026-09-29 17:30:00+00:00,83155.1,83197.5,83078.3,83112.8,83129.6,9.3683782,1557.0
2026-09-29 17:45:00+00:00,83111.0,83148.8,82954.3,83053.6,83011.9,16.69648291,1832.0
2026-09-29 18:00:00+00:00,83053.6,83399.1,83053.6,83399.0,83284.0,28.35630498,2134.0
2026-09-29 18:15:00+00:00,83399.1,83497.2,83365.9,83398.0,83434.7,14.65137301,1876.0
2026-09-29 18:30:00+00:00,83398.0,83669.6,83381.8,83599.9,83526.7,22.565786,2049.0
2026-09-29 18:45:00+00:00,83600.0,83658.6,83557.8,83609.7,83604.1,6.2526092,1382.0
2026-09-29 19:00:00+00:00,83608.8,83663.0,83565.0,83565.4,83601.7,10.41208273,1210.0
2026-09-29 19:15:00+00:00,83565.3,83637.0,83507.8,83522.8,83572.0,4.94520458,1287.0
2026-09-29 19:30:00+00:00,83522.9,83593.7,83402.5,83402.5,83510.6,10.74641823,1398.0
2026-09-29 19:45:00+00:00,83402.3,83607.8,83374.7,83564.9,83538.1,16.62202997,1530.0
2026-09-29 20:00:00+00:00,83562.6,83575.0,83471.7,83508.0,83516.9,12.84608411,1380.0
2026-09-29 20:15:00+00:00,83508.0,83623.3,83507.1,83598.6,83606.2,18.97382733,863.0
2026-09-29 20:30:00+00:00,83598.7,83624.1,83555.7,83609.3,83586.6,3.47185612,691.0
2026-09-29 20:45:00+00:00,83609.3,83633.8,83586.4,83586.4,83610.1,6.27745722,784.0
2026-09-29 21:00:00+00:00,83586.5,83591.5,83484.9,83529.0,83512.9,49.76451506,1416.0
2026-09-29 21:15:00+00:00,83529.1,83530.0,83344.8,83378.8,83453.8,41.77061559,1141.0
2026-09-29 21:30:00+00:00,83378.8,83499.9,83377.7,83469.6,83427.1,7.34689108,838.0
2026-09-29 21:45:00+00:00,83469.5,83472.6,83379.9,83472.5,83434.2,5.49189398,748.0
2026-09-29 22:00:00+00:00,83472.6,83685.6,83472.6,83627.5,83540.3,24.0374315,1282.0
2026-09-29 22:15:00+00:00,83627.5,83650.0,83510.9,83557.5,83581.2,13.29390308,1129.0
2026-09-29 22:30:00+00:00,83556.9,83591.2,83504.2,83566.5,83540.0,33.72851925,1062.0
2026-09-29 22:45:00+00:00,83566.5,83618.5,83535.4,83576.5,83582.0,12.37946131,793.0
2026-09-29 23:00:00+00:00,83576.5,83810.3,83570.5,83807.3,83746.4,54.93572666,1223.0
2026-09-29 23:15:00+00:00,83807.3,83820.5,83683.4,83724.2,83772.4,14.49662698,934.0
2026-09-29 23:30:00+00:00,83724.3,83724.3,83600.4,83630.0,83673.6,7.93781968,865.0
2026-09-29 23:45:00+00:00,83629.9,83687.8,83599.8,83633.4,83650.1,2.29727044,804.0
2026-09-30 00:00:00+00:00,83633.5,83697.6,83475.6,83492.7,83561.0,6.44783237,1139.0
2026-09-30 00:15:00+00:00,83492.7,83554.0,83373.0,83538.9,83469.2,9.42815647,1203.0
2026-09-30 00:30:00+00:00,83538.9,83594.2,83429.3,83446.0,83501.5,9.33581142,1091.0
2026-09-30 00:45:00+00:00,83446.0,83450.7,83319.1,83422.1,83374.2,5.63244112,1211.0
2026-09-30 01:00:00+00:00,83422.1,83448.6,83350.6,83395.7,83408.6,61.95866185,1541.0
2026-09-30 01:15:00+00:00,83397.8,83518.7,83360.8,83390.5,83426.8,9.20637913,1005.0
2026-09-30 01:30:00+00:00,83390.5,83413.3,83299.2,83398.3,83340.1,10.51888337,1305.0
2026-09-30 01:45:00+00:00,83407.6,83471.7,83367.5,83420.0,83412.2,29.01267001,1112.0
2026-09-30 02:00:00+00:00,83420.1,83586.2,83400.1,83444.3,83470.0,8.04639029,1606.0
2026-09-30 02:15:00+00:00,83444.6,83518.9,83340.8,83385.9,83400.0,9.38909092,1309.0
2026-09-30 02:30:00+00:00,83385.9,83411.1,83251.4,83342.5,83328.9,5.33976043,1524.0
2026-09-30 02:45:00+00:00,83341.9,83450.1,83317.3,83347.0,83393.9,4.04402373,934.0
2026-09-30 03:00:00+00:00,83348.4,83386.7,83287.6,83287.6,83328.2,4.64566165,1022.0
2026-09-30 03:15:00+00:00,83287.6,83290.7,83132.1,83276.2,83206.0,13.44893034,1227.0
2026-09-30 03:30:00+00:00,83276.2,83389.8,83217.3,83324.5,83292.5,5.77605731,1098.0
2026-09-30 03:45:00+00:00,83324.4,83324.4,83235.5,83269.6,83262.4,3.71065783,914.0
2026-09-30 04:00:00+00:00,83268.7,83383.4,83262.3,83325.8,83313.8,11.67156248,1098.0
2026-09-30 04:15:00+00:00,83325.4,83389.5,83312.8,83326.2,83359.6,3.34657621,826.0
2026-09-30 04:30:00+00:00,83330.2,83366.7,83253.4,83274.9,83313.0,7.0127589,778.0
2026-09-30 04:45:00+00:00,83274.9,83289.5,83169.3,83171.4,83211.3,7.53788979,634.0
2026-09-30 05:00:00+00:00,83171.4,83315.2,83171.4,83192.6,83226.7,5.3509985,1057.0
2026-09-30 05:15:00+00:00,83192.5,83346.7,83149.6,83346.7,83245.5,15.57536282,1125.0
2026-09-30 05:30:00+00:00,83346.7,83484.9,83341.1,83428.8,83418.3,8.22185992,1139.0
2026-09-30 05:45:00+00:00,83428.8,83453.8,83260.3,83348.2,83338.0,4.83386032,858.0
2026-09-30 06:00:00+00:00,83348.2,83401.8,83075.2,83091.1,83201.4,7.13608496,1357.0
2026-09-30 06:15:00+00:00,83091.9,83146.3,83028.7,83128.8,83096.8,9.13567041,1239.0
2026-09-30 06:30:00+00:00,83128.0,83128.0,83010.1,83072.1,83078.0,5.7234303,1147.0
2026-09-30 06:45:00+00:00,83072.1,83152.7,82940.0,82996.5,83037.0,19.98750134,1267.0
2026-09-30 07:00:00+00:00,82996.5,83071.3,82920.1,82991.9,82984.3,18.29013662,1220.0
2026-09-30 07:15:00+00:00,82991.8,83363.7,82991.3,83271.5,83229.0,4.23925928,1296.0
2026-09-30 07:30:00+00:00,83275.4,83394.2,83228.4,83375.8,83346.6,30.57141299,1008.0
2026-09-30 07:45:00+00:00,83384.1,83425.8,83259.1,83259.1,83365.9,30.10131579,1017.0
2026-09-30 08:00:00+00:00,83258.6,83296.7,83085.3,83085.4,83162.1,19.67817884,1238.0
2026-09-30 08:15:00+00:00,83085.4,83249.9,83085.2,83097.5,83173.6,19.39437089,1487.0
2026-09-30 08:30:00+00:00,83094.3,83109.5,82987.9,83040.3,83040.4,8.75156642,1298.0
2026-09-30 08:45:00+00:00,83036.3,83137.5,82981.3,83029.9,83064.6,12.56735461,1168.0
2026-09-30 09:00:00+00:00,83029.9,83258.5,83015.1,83258.5,83137.2,11.92777113,1098.0
2026-09-30 09:15:00+00:00,83258.6,83396.5,83229.9,83391.1,83315.3,6.46129213,1027.0
2026-09-30 09:30:00+00:00,83391.2,83769.6,83391.1,83535.2,83615.4,28.80859011,1774.0
2026-09-30 09:45:00+00:00,83535.2,83621.4,83496.4,83598.0,83541.0,10.10042743,1175.0
2026-09-30 10:00:00+00:00,83598.1,83760.0,83598.1,83688.6,83703.9,20.23296583,1223.0
2026-09-30 10:15:00+00:00,83686.0,83827.8,83636.3,83751.5,83768.9,15.61359005,1514.0
2026-09-30 10:30:00+00:00,83751.5,83890.9,83751.4,83861.0,83843.9,17.07404499,1142.0
2026-09-30 10:45:00+00:00,83861.0,83919.4,83822.4,83882.1,83873.0,11.165844,951.0
2026-09-30 11:00:00+00:00,83882.0,83882.1,83655.9,83801.8,83796.1,13.4676328,1553.0
2026-09-30 11:15:00+00:00,83813.7,83856.9,83679.7,83813.2,83778.2,5.53093589,1166.0
2026-09-30 11:30:00+00:00,83813.3,83937.2,83711.8,83901.0,83821.0,38.86193318,1503.0
2026-09-30 11:45:00+00:00,83903.2,83932.8,83779.8,83878.9,83846.2,7.27666632,1291.0
2026-09-30 12:00:00+00:00,83878.9,83911.2,83729.5,83844.0,83781.3,30.11451808,1582.0
2026-09-30 12:15:00+00:00,83843.9,83920.0,83716.7,83920.0,83803.1,28.19369885,1682.0
2026-09-30 12:30:00+00:00,83910.0,85036.1,83848.3,84800.0,84656.7,289.98660843,5143.0
2026-09-30 12:45:00+00:00,84800.1,85479.9,84716.0,85261.7,85255.6,124.41712002,4055.0
2026-09-30 13:00:00+00:00,85261.8,85604.0,85078.9,85363.1,85354.1,106.49906188,3880.0
2026-09-30 13:15:00+00:00,85363.1,85479.7,85128.6,85163.1,85284.4,54.03946824,2359.0
2026-09-30 13:30:00+00:00,85164.5,85534.8,84008.1,84466.1,84590.9,172.5325022,4461.0
2026-09-30 13:45:00+00:00,84477.8,84696.5,84362.0,84604.2,84548.0,52.38462212,2802.0
2026-09-30 14:00:00+00:00,84605.0,84618.3,84112.8,84313.8,84331.2,36.64186879,2939.0
2026-09-30 14:15:00+00:00,84313.8,84323.4,83618.5,83723.4,83846.7,63.97784523,3171.0
2026-09-30 14:30:00+00:00,83723.5,83797.1,83300.0,83512.3,83584.4,121.49236679,3194.0
2026-09-30 14:45:00+00:00,83512.4,83938.5,83505.2,83763.1,83753.9,30.46410255,2453.0
2026-09-30 15:00:00+00:00,83763.1,83947.0,83686.5,83908.5,83803.6,62.37460577,2274.0
2026-09-30 15:15:00+00:00,83902.6,83971.5,83635.5,83847.1,83820.2,46.75705853,2320.0
2026-09-30 15:30:00+00:00,83847.8,84233.8,83847.8,84053.9,84067.7,40.56194207,2182.0
2026-09-30 15:45:00+00:00,84055.0,84233.9,84048.1,84084.9,84178.7,24.90470841,1724.0
2026-09-30 16:00:00+00:00,84085.0,84328.0,84075.2,84304.0,84265.9,29.19385535,1939.0
2026-09-30 16:15:00+00:00,84304.0,84436.3,84236.9,84241.7,84352.0,47.92195548,1993.0
2026-09-30 16:30:00+00:00,84241.7,84317.9,84163.4,84306.1,84238.0,21.03229166,1853.0
2026-09-30 16:45:00+00:00,84312.9,84428.6,84251.3,84303.1,84322.3,23.46862421,1666.0
2026-09-30 17:00:00+00:00,84303.1,84378.1,84220.4,84239.1,84279.7,30.50506895,1814.0
2026-09-30 17:15:00+00:00,84239.0,84239.0,83956.6,84170.8,84082.0,84.49054794,2287.0
2026-09-30 17:30:00+00:00,84169.2,84169.2,83880.9,83950.8,83994.2,29.13643151,1841.0
2026-09-30 17:45:00+00:00,83951.0,84090.7,83925.4,83987.1,84012.3,25.16370893,1679.0
2026-09-30 18:00:00+00:00,83987.1,84042.3,83890.9,83966.7,83997.7,30.9759176,1994.0
2026-09-30 18:15:00+00:00,83965.8,83992.7,83840.7,83890.9,83908.2,11.39568755,1445.0
2026-09-30 18:30:00+00:00,83890.9,83917.0,83780.3,83822.7,83847.9,24.12302387,1431.0
2026-09-30 18:45:00+00:00,83828.2,83942.0,83761.8,83917.8,83873.0,14.10771272,1431.0
2026-09-30 19:00:00+00:00,83917.9,83930.2,83677.2,83717.9,83813.3,7.64964348,1420.0
2026-09-30 19:15:00+00:00,83717.8,83748.7,83569.6,83709.0,83680.1,11.37762153,1367.0
2026-09-30 19:30:00+00:00,83709.1,83907.5,83707.2,83783.4,83847.8,31.80896891,1767.0
2026-09-30 19:45:00+00:00,83783.5,83795.1,83459.2,83551.4,83576.1,55.30880331,1929.0
2026-09-30 20:00:00+00:00,83557.1,83648.2,83484.2,83607.6,83580.0,61.39531791,1727.0
2026-09-30 20:15:00+00:00,83607.7,83724.3,83549.9,83684.6,83675.1,31.03477008,1091.0
2026-09-30 20:30:00+00:00,83683.6,83690.9,83592.3,83642.5,83633.2,8.84196439,1089.0
2026-09-30 20:45:00+00:00,83642.5,83678.8,83585.4,83621.5,83641.1,13.13142385,1023.0
2026-09-30 21:00:00+00:00,83621.6,83750.2,83621.6,83711.8,83699.8,8.1617727,1069.0
2026-09-30 21:15:00+00:00,83711.8,83773.6,83675.7,83680.7,83720.3,5.07087834,919.0
2026-09-30 21:30:00+00:00,83679.0,83770.7,83658.9,83658.9,83726.3,7.68532111,911.0
2026-09-30 21:45:00+00:00,83656.3,83712.2,83655.2,83707.8,83691.6,4.83646801,651.0
2026-09-30 22:00:00+00:00,83712.2,83773.0,83540.2,83681.3,83659.7,29.14978988,1414.0
2026-09-30 22:15:00+00:00,83681.3,83775.2,83661.0,83775.2,83711.4,40.6652032,1058.0
2026-09-30 22:30:00+00:00,83775.2,83791.8,83752.0,83766.5,83771.9,20.13052659,695.0
2026-09-30 22:45:00+00:00,83766.4,83766.5,83633.0,83633.1,83687.3,19.3053134,799.0
2026-09-30 23:00:00+00:00,83633.1,83723.5,83581.7,83640.1,83642.8,6.24799641,1207.0
2026-09-30 23:15:00+00:00,83640.0,83775.3,83609.0,83614.1,83720.1,14.59302633,1033.0
2026-09-30 23:30:00+00:00,83614.1,83637.2,83468.8,83565.0,83594.4,37.20685285,1174.0
2026-09-30 23:45:00+00:00,83565.0,83593.9,83495.4,83564.7,83537.7,13.86040805,1115.0
2026-10-01 00:00:00+00:00,83564.7,83599.7,83409.1,83450.5,83474.3,25.71260604,1228.0
2026-10-01 00:15:00+00:00,83450.1,83467.4,83379.1,83426.4,83407.6,52.67604317,1301.0
2026-10-01 00:30:00+00:00,83426.4,83515.5,83370.2,83515.5,83419.6,25.17223715,1093.0
2026-10-01 00:45:00+00:00,83516.8,83531.3,83428.9,83449.8,83487.7,4.65455521,899.0
2026-10-01 01:00:00+00:00,83447.0,83554.0,83434.2,83530.0,83495.1,5.57116931,982.0
2026-10-01 01:15:00+00:00,83529.7,83635.2,83467.3,83585.6,83543.9,13.73224333,1001.0
2026-10-01 01:30:00+00:00,83585.6,83585.6,83424.9,83540.9,83480.6,17.03981697,1204.0
2026-10-01 01:45:00+00:00,83541.0,83550.6,83445.7,83454.6,83472.9,3.63604696,946.0
2026-10-01 02:00:00+00:00,83454.7,83606.3,83447.8,83535.7,83523.1,3.05678808,1194.0
2026-10-01 02:15:00+00:00,83535.8,83535.8,83374.5,83496.0,83435.2,10.54082097,1146.0
2026-10-01 02:30:00+00:00,83495.9,83544.0,83378.6,83388.0,83446.3,3.26298449,996.0
2026-10-01 02:45:00+00:00,83388.0,83469.8,83350.2,83428.1,83397.2,5.73310795,755.0
2026-10-01 03:00:00+00:00,83427.1,83470.8,83369.0,83418.9,83450.8,12.98742962,901.0
2026-10-01 03:15:00+00:00,83417.5,83476.4,83378.3,83458.9,83424.7,3.2251173,873.0
2026-10-01 03:30:00+00:00,83457.1,83673.2,83400.0,83648.6,83505.2,20.22405136,910.0
2026-10-01 03:45:00+00:00,83648.5,83718.0,83574.5,83695.0,83657.0,4.97763582,1072.0
2026-10-01 04:00:00+00:00,83698.0,83870.0,83690.4,83868.9,83821.5,9.38924209,1170.0
2026-10-01 04:15:00+00:00,83870.8,83870.8,83657.2,83801.3,83750.7,12.60829316,1271.0
2026-10-01 04:30:00+00:00,83808.0,83877.7,83727.7,83876.3,83814.0,18.0109058,1029.0
2026-10-01 04:45:00+00:00,83877.0,84146.5,83871.9,84051.2,84020.3,34.32559536,1815.0
2026-10-01 05:00:00+00:00,84051.3,84198.0,83967.2,84187.0,84105.6,13.84991633,1507.0
2026-10-01 05:15:00+00:00,84186.3,84268.4,84177.1,84233.7,84227.7,13.97957771,915.0
2026-10-01 05:30:00+00:00,84233.7,84274.3,84159.1,84170.0,84243.8,27.91647929,846.0
2026-10-01 05:45:00+00:00,84170.1,84314.8,84170.1,84248.1,84260.0,30.28054727,744.0
2026-10-01 06:00:00+00:00,84248.1,84361.7,84188.3,84329.1,84262.9,9.05101604,1011.0
2026-10-01 06:15:00+00:00,84329.8,84335.0,84255.5,84303.4,84295.7,12.8428974,818.0
2026-10-01 06:30:00+00:00,84303.4,84312.9,84064.5,84119.7,84215.3,18.04868872,1153.0
2026-10-01 06:45:00+00:00,84119.7,84162.3,84074.3,84078.4,84120.2,4.10173375,898.0
2026-10-01 07:00:00+00:00,84076.7,84172.6,84018.7,84018.7,84087.7,6.78216301,792.0
2026-10-01 07:15:00+00:00,84018.7,84039.0,83269.3,83328.8,83478.8,93.26404363,2643.0
2026-10-01 07:30:00+00:00,83328.8,83621.3,83304.2,83500.8,83511.0,49.19625415,1991.0
2026-10-01 07:45:00+00:00,83500.7,83596.6,83356.5,83375.2,83486.0,69.07934905,1653.0
2026-10-01 08:00:00+00:00,83374.9,83480.7,83300.0,83332.8,83381.1,14.15903241,1719.0
2026-10-01 08:15:00+00:00,83332.9,83428.9,83300.1,83379.1,83354.0,18.58528539,1514.0
2026-10-01 08:30:00+00:00,83378.3,83508.0,83124.8,83450.8,83270.6,52.5989289,2398.0
2026-10-01 08:45:00+00:00,83450.8,83528.0,83389.3,83517.7,83463.9,19.30013706,1639.0
2026-10-01 09:00:00+00:00,83514.9,83709.8,83508.3,83641.4,83594.9,13.14153754,1519.0
2026-10-01 09:15:00+00:00,83642.0,83740.1,83627.5,83719.5,83680.4,12.27460044,1216.0
2026-10-01 09:30:00+00:00,83719.5,83843.0,83719.5,83840.0,83808.0,63.96369648,1460.0
2026-10-01 09:45:00+00:00,83839.9,83850.7,83706.3,83736.9,83778.5,57.50316004,1257.0
2026-10-01 10:00:00+00:00,83737.0,83755.5,83372.5,83658.9,83571.3,55.55489559,1941.0
2026-10-01 10:15:00+00:00,83659.0,83728.9,83509.9,83647.1,83621.8,87.14555786,1750.0
2026-10-01 10:30:00+00:00,83648.4,83842.4,83648.4,83842.4,83758.9,14.4870016,1241.0
2026-10-01 10:45:00+00:00,83842.5,84056.7,83821.9,83942.1,83953.9,47.62879777,1440.0
2026-10-01 11:00:00+00:00,83942.1,83942.1,83784.0,83833.3,83843.0,25.69654417,1382.0
2026-10-01 11:15:00+00:00,83833.2,83847.0,83747.6,83843.4,83790.8,45.32811433,1130.0
2026-10-01 11:30:00+00:00,83843.4,83946.0,83762.5,83925.3,83881.9,19.31203448,1328.0
2026-10-01 11:45:00+00:00,83925.3,84012.3,83873.2,83883.3,83939.3,48.28641554,1499.0
2026-10-01 12:00:00+00:00,83883.2,83983.2,83883.1,83970.1,83941.7,19.11335157,1365.0
2026-10-01 12:15:00+00:00,83970.1,83970.2,83833.9,83880.1,83915.4,12.12027945,1431.0
2026-10-01 12:30:00+00:00,83880.2,84027.5,83816.4,83868.4,83918.4,33.37139255,1633.0
2026-10-01 12:45:00+00:00,83868.4,83905.8,83643.3,83712.5,83789.0,28.58446557,1738.0
2026-10-01 13:00:00+00:00,83712.5,83721.0,83479.2,83498.1,83554.7,17.30615654,2140.0
2026-10-01 13:15:00+00:00,83498.3,83590.9,83430.2,83449.0,83503.3,31.23905765,1920.0
2026-10-01 13:30:00+00:00,83449.1,83935.0,83433.3,83909.0,83723.7,58.42821712,2748.0
2026-10-01 13:45:00+00:00,83909.0,83991.5,83643.3,83915.4,83893.6,87.30808196,2446.0
2026-10-01 14:00:00+00:00,83909.8,84018.0,83525.4,83771.2,83736.2,76.49971415,2798.0
2026-10-01 14:15:00+00:00,83771.2,84182.9,83767.3,84088.2,83949.4,83.76764081,2831.0
2026-10-01 14:30:00+00:00,84088.2,84299.0,83954.3,83992.8,84129.5,79.63108967,2606.0
2026-10-01 14:45:00+00:00,83992.8,84059.7,83740.2,84020.4,83905.4,66.87668993,2787.0
2026-10-01 15:00:00+00:00,84020.4,84300.0,83814.0,84054.8,84083.9,123.40378644,2693.0
2026-10-01 15:15:00+00:00,84054.8,84217.2,84023.5,84055.4,84155.4,30.9530591,1876.0
2026-10-01 15:30:00+00:00,84054.3,84054.3,83794.7,83856.3,83894.5,43.35310135,2311.0
2026-10-01 15:45:00+00:00,83856.2,84267.8,83849.5,84127.0,84081.9,93.16819569,2660.0
2026-10-01 16:00:00+00:00,84127.0,84286.6,84102.0,84286.6,84186.6,76.56852584,2273.0
2026-10-01 16:15:00+00:00,84286.5,84385.5,84222.2,84266.4,84298.7,52.97351189,2071.0
2026-10-01 16:30:00+00:00,84272.0,84593.8,84159.6,84295.7,84369.2,91.09029065,2570.0
2026-10-01 16:45:00+00:00,84295.6,84370.9,84024.2,84165.1,84186.5,17.19576675,2006.0
2026-10-01 17:00:00+00:00,84165.1,84437.0,84155.0,84384.8,84357.8,29.78849344,2285.0
2026-10-01 17:15:00+00:00,84394.1,84883.1,84394.1,84880.1,84697.5,101.28417465,2876.0
2026-10-01 17:30:00+00:00,84883.2,85020.7,84746.7,85020.7,84942.7,48.53928022,2212.0
2026-10-01 17:45:00+00:00,85020.7,85042.0,84746.3,84868.0,84912.0,71.33715953,2260.0
2026-10-01 18:00:00+00:00,84868.0,84953.0,84650.9,84856.1,84821.8,68.45620756,2365.0
2026-10-01 18:15:00+00:00,84856.1,84912.1,84759.0,84765.4,84820.8,26.5536947,1874.0
2026-10-01 18:30:00+00:00,84765.4,85238.6,84761.1,84934.3,84987.8,121.04827284,2823.0
2026-10-01 18:45:00+00:00,84927.2,84933.4,84630.6,84763.5,84752.1,25.19021413,1735.0
2026-10-01 19:00:00+00:00,84763.5,84857.9,84700.1,84756.1,84796.5,30.45315919,1700.0
2026-10-01 19:15:00+00:00,84756.1,84786.9,84562.5,84576.1,84656.7,29.92181608,1673.0
2026-10-01 19:30:00+00:00,84576.2,84726.5,84559.0,84605.5,84633.2,24.13759944,1544.0
2026-10-01 19:45:00+00:00,84605.4,84666.6,84551.0,84630.1,84611.9,34.46761124,1575.0
2026-10-01 20:00:00+00:00,84635.8,84824.4,84631.2,84750.5,84741.4,60.8231506,1563.0
2026-10-01 20:15:00+00:00,84750.4,84818.4,84735.5,84736.9,84790.2,75.02046259,1270.0
2026-10-01 20:30:00+00:00,84737.0,84748.0,84570.4,84576.7,84652.2,24.67725193,825.0
2026-10-01 20:45:00+00:00,84576.7,84643.6,84537.7,84603.0,84572.0,14.96428603,904.0
2026-10-01 21:00:00+00:00,84603.0,84636.4,84584.3,84588.4,84602.9,8.06354815,658.0
2026-10-01 21:15:00+00:00,84588.4,84664.7,84544.0,84559.5,84579.1,13.21725821,980.0
2026-10-01 21:30:00+00:00,84559.5,84586.2,84462.2,84468.5,84505.0,23.81023574,877.0
2026-10-01 21:45:00+00:00,84468.4,84539.6,84465.4,84508.0,84508.9,17.35135574,803.0
2026-10-01 22:00:00+00:00,84508.1,84766.7,84508.1,84721.9,84707.4,26.71959232,1604.0
2026-10-01 22:15:00+00:00,84721.9,84748.8,84668.1,84668.1,84708.5,20.95733442,889.0
2026-10-01 22:30:00+00:00,84666.4,84764.3,84629.5,84650.2,84688.6,9.42462632,900.0
2026-10-01 22:45:00+00:00,84650.1,84752.3,84593.4,84717.3,84652.6,14.12192981,749.0
2026-10-01 23:00:00+00:00,84717.3,84717.3,84634.6,84634.6,84680.5,11.58971222,898.0
2026-10-01 23:15:00+00:00,84634.1,84744.4,84611.3,84709.8,84719.7,16.24569117,788.0
2026-10-01 23:30:00+00:00,84709.9,84837.6,84673.6,84807.6,84774.0,24.75788758,904.0
2026-10-01 23:45:00+00:00,84807.5,84870.0,84756.6,84849.1,84804.9,13.49488587,857.0
2026-10-02 00:00:00+00:00,84849.2,84883.0,84739.7,84856.8,84809.5,16.92893697,1187.0
2026-10-02 00:15:00+00:00,84850.5,84926.7,84768.1,84768.1,84844.5,20.42780811,1343.0
2026-10-02 00:30:00+00:00,84768.1,84874.9,84673.4,84792.8,84791.1,50.56631308,1594.0
2026-10-02 00:45:00+00:00,84792.8,84793.5,84697.4,84764.3,84751.2,43.95508271,1119.0
2026-10-02 01:00:00+00:00,84765.7,84775.8,84642.2,84642.2,84693.7,8.14569172,823.0
2026-10-02 01:15:00+00:00,84638.1,84680.5,84500.1,84593.0,84593.0,12.67523728,1135.0
2026-10-02 01:30:00+00:00,84593.1,84627.8,84544.9,84561.2,84583.8,5.50579914,844.0
2026-10-02 01:45:00+00:00,84561.2,84962.9,84547.0,84883.2,84774.8,18.2981494,1380.0
2026-10-02 02:00:00+00:00,84883.2,85085.9,84838.1,85050.4,84994.7,22.3279714,1687.0
2026-10-02 02:15:00+00:00,85050.5,85052.6,84850.1,84903.0,84931.5,5.43823366,1308.0
2026-10-02 02:30:00+00:00,84903.1,84953.9,84827.3,84953.9,84893.4,3.8466572,1026.0
2026-10-02 02:45:00+00:00,84955.7,85163.2,84955.7,85163.1,85073.6,19.69374304,1151.0
2026-10-02 03:00:00+00:00,85163.2,85476.3,85163.1,85267.1,85332.1,43.7062145,2041.0
2026-10-02 03:15:00+00:00,85266.9,85306.9,85170.8,85244.8,85202.1,3.87958742,850.0
2026-10-02 03:30:00+00:00,85244.8,85430.8,85240.0,85395.1,85381.1,12.30882844,1513.0
2026-10-02 03:45:00+00:00,85393.7,85537.6,85351.4,85480.6,85478.8,49.8331378,1489.0
2026-10-02 04:00:00+00:00,85480.6,85588.8,85428.4,85442.2,85484.3,18.37144139,1262.0
2026-10-02 04:15:00+00:00,85442.2,86774.7,85442.2,86756.5,86300.5,229.94212285,4277.0
2026-10-02 04:30:00+00:00,86756.5,86865.8,86347.5,86493.9,86576.5,153.71503203,3127.0
2026-10-02 04:45:00+00:00,86492.1,86731.0,86434.1,86628.3,86565.2,55.75084009,2577.0
2026-10-02 05:00:00+00:00,86628.3,86639.9,86474.3,86549.2,86574.1,29.15257529,1842.0
2026-10-02 05:15:00+00:00,86549.2,86562.7,86260.8,86319.2,86357.8,86.96973264,1992.0
2026-10-02 05:30:00+00:00,86319.1,86364.2,85866.8,86115.3,86124.5,55.23822917,2169.0
2026-10-02 05:45:00+00:00,86115.0,86129.6,85936.6,85969.5,86042.9,11.75712668,1163.0
2026-10-02 06:00:00+00:00,85969.5,86073.4,85855.4,85880.9,85932.2,47.54555263,1789.0
2026-10-02 06:15:00+00:00,85880.9,86021.9,85880.9,86003.2,85985.9,22.43494859,1409.0
2026-10-02 06:30:00+00:00,86000.1,86051.0,85899.9,85976.7,85976.0,71.92795817,1707.0
2026-10-02 06:45:00+00:00,85976.6,86064.1,85920.4,85963.1,85970.1,32.77127347,1529.0
2026-10-02 07:00:00+00:00,85963.1,86027.7,85869.6,85930.0,85935.9,26.24679597,1800.0
2026-10-02 07:15:00+00:00,85929.9,85954.0,85863.2,85925.6,85911.3,24.50061561,1220.0
2026-10-02 07:30:00+00:00,85924.8,85924.8,85742.4,85746.7,85842.7,165.83534821,1757.0
2026-10-02 07:45:00+00:00,85746.8,86138.1,85746.8,86071.5,85964.2,32.0440771,1696.0
2026-10-02 08:00:00+00:00,86071.5,86318.4,86051.5,86291.8,86232.1,51.33883163,1915.0
2026-10-02 08:15:00+00:00,86291.8,86626.6,86285.7,86385.4,86527.0,89.21566625,2325.0
2026-10-02 08:30:00+00:00,86385.4,86457.6,86240.2,86301.3,86364.7,44.73536804,1805.0
2026-10-02 08:45:00+00:00,86301.3,86329.7,86185.9,86225.4,86267.3,27.39684651,1283.0
2026-10-02 09:00:00+00:00,86225.5,86241.1,86118.4,86190.9,86167.1,35.93674446,1725.0
2026-10-02 09:15:00+00:00,86190.9,86223.4,86104.0,86191.3,86167.8,17.3506775,1264.0
2026-10-02 09:30:00+00:00,86192.1,86393.2,86159.6,86331.0,86328.9,12.87132927,1284.0
2026-10-02 09:45:00+00:00,86325.5,86419.4,86265.6,86349.7,86355.8,28.81358637,1407.0
2026-10-02 10:00:00+00:00,86349.7,86425.2,86306.2,86324.4,86378.9,25.17979751,1708.0
2026-10-02 10:15:00+00:00,86324.4,86397.9,86166.8,86394.3,86301.7,16.71401103,1615.0
2026-10-02 10:30:00+00:00,86399.0,86483.5,86337.4,86412.7,86413.1,11.07680563,1524.0
2026-10-02 10:45:00+00:00,86412.8,86421.3,86267.1,86275.7,86306.3,13.5621866,1284.0
2026-10-02 11:00:00+00:00,86275.7,86486.2,86259.0,86446.2,86369.0,11.78906892,1411.0
2026-10-02 11:15:00+00:00,86449.3,86486.2,86405.7,86415.5,86442.3,17.73641475,1197.0
2026-10-02 11:30:00+00:00,86415.5,86524.5,86406.5,86482.0,86474.5,16.53221405,1344.0
2026-10-02 11:45:00+00:00,86480.0,86549.9,86407.9,86407.9,86485.6,36.71362979,1620.0
2026-10-02 12:00:00+00:00,86407.9,86477.2,86300.1,86399.9,86388.9,26.32489078,1787.0
2026-10-02 12:15:00+00:00,86400.6,86650.0,86380.0,86612.0,86575.6,56.71464155,2302.0
2026-10-02 12:30:00+00:00,86605.6,87229.0,86414.0,86470.8,86897.6,159.169926,4257.0
2026-10-02 12:45:00+00:00,86470.7,86887.9,86439.3,86800.1,86714.4,25.11789047,2164.0
2026-10-02 13:00:00+00:00,86800.1,86933.0,86655.6,86677.4,86776.6,46.55054281,2262.0
2026-10-02 13:15:00+00:00,86677.5,86747.9,86588.0,86598.6,86664.2,32.39826922,2048.0
2026-10-02 13:30:00+00:00,86598.2,87143.4,86550.1,86895.2,86938.6,139.47427055,3320.0
2026-10-02 13:45:00+00:00,86895.2,86994.9,86454.7,86563.1,86732.1,81.10103606,2824.0
2026-10-02 14:00:00+00:00,86552.1,86828.8,86300.2,86345.5,86545.0,153.75233752,3442.0
2026-10-02 14:15:00+00:00,86345.5,86637.8,86076.3,86080.7,86309.5,92.73381645,3052.0
2026-10-02 14:30:00+00:00,86080.7,86166.6,85664.2,85941.3,85921.9,120.20106014,3344.0
2026-10-02 14:45:00+00:00,85941.3,86053.2,85379.7,85670.0,85769.2,202.90365799,3301.0
2026-10-02 15:00:00+00:00,85676.1,85743.5,85341.5,85624.8,85513.8,100.57352265,3274.0
2026-10-02 15:15:00+00:00,85620.7,85676.9,85282.1,85467.0,85448.6,93.49578507,2871.0
2026-10-02 15:30:00+00:00,85464.2,85571.1,85296.7,85321.1,85432.7,133.71369319,3005.0
2026-10-02 15:45:00+00:00,85321.6,85446.3,85138.2,85318.9,85310.0,45.39666362,2719.0
2026-10-02 16:00:00+00:00,85319.0,85499.9,85114.3,85198.8,85316.9,190.72577865,3716.0
2026-10-02 16:15:00+00:00,85198.3,85317.0,85109.7,85166.3,85241.4,90.03306845,2502.0
2026-10-02 16:30:00+00:00,85166.3,85224.6,85013.0,85181.0,85159.8,110.11782931,2630.0
2026-10-02 16:45:00+00:00,85181.1,85287.4,85066.0,85142.6,85163.1,101.81453381,2395.0
2026-10-02 17:00:00+00:00,85142.6,85244.8,84868.8,84894.5,85081.0,119.9337957,2471.0
2026-10-02 17:15:00+00:00,84890.6,84967.3,84580.1,84581.6,84734.2,155.97082543,3394.0
2026-10-02 17:30:00+00:00,84581.6,84772.2,84486.5,84589.5,84642.2,80.24036944,2570.0
2026-10-02 17:45:00+00:00,84589.6,84799.0,84566.1,84765.5,84725.9,35.6645811,1853.0
2026-10-02 18:00:00+00:00,84764.3,84887.9,84757.3,84874.9,84828.4,37.17512692,2064.0
2026-10-02 18:15:00+00:00,84874.8,84874.8,84538.1,84604.9,84633.9,44.36994945,1848.0
2026-10-02 18:30:00+00:00,84611.2,84617.4,83883.5,84008.8,84178.0,242.82074692,4370.0
2026-10-02 18:45:00+00:00,84014.9,84273.4,83860.7,84240.6,84025.4,103.58337163,2651.0
2026-10-02 19:00:00+00:00,84240.7,84293.8,84054.4,84110.9,84155.3,25.11160856,1908.0
2026-10-02 19:15:00+00:00,84111.0,84164.1,83952.8,84112.0,84037.9,116.74512098,2238.0
2026-10-02 19:30:00+00:00,84112.1,84221.1,84068.4,84168.2,84160.5,24.60535336,1603.0
2026-10-02 19:45:00+00:00,84169.4,84321.2,84150.0,84300.1,84242.0,72.10336459,1782.0
2026-10-02 20:00:00+00:00,84300.1,84455.6,84300.0,84355.0,84361.7,26.16438792,1515.0
2026-10-02 20:15:00+00:00,84355.3,84517.3,84324.1,84329.6,84397.6,23.20208799,1199.0
2026-10-02 20:30:00+00:00,84329.7,84437.6,84205.8,84226.6,84377.5,42.38002173,1235.0
2026-10-02 20:45:00+00:00,84226.6,84490.6,84216.1,84439.3,84367.2,71.46840038,1706.0
2026-10-02 21:00:00+00:00,84439.3,84527.4,84424.2,84481.0,84488.9,16.7313564,867.0
2026-10-02 21:15:00+00:00,84481.0,84498.2,84413.8,84426.1,84466.6,11.37822176,692.0
2026-10-02 21:30:00+00:00,84426.1,84533.4,84404.4,84509.2,84461.3,5.99759253,932.0
2026-10-02 21:45:00+00:00,84509.1,84527.3,84489.3,84506.9,84502.5,5.02027391,635.0
2026-10-02 22:00:00+00:00,84506.9,84526.9,84433.4,84523.5,84476.8,7.28481613,1057.0
2026-10-02 22:15:00+00:00,84524.0,84547.8,84460.2,84500.1,84507.3,3.961029,775.0
2026-10-02 22:30:00+00:00,84500.1,84537.0,84473.6,84491.5,84512.5,4.23164335,553.0
2026-10-02 22:45:00+00:00,84491.5,84541.3,84487.2,84541.3,84520.9,6.9439329,489.0
2026-10-02 23:00:00+00:00,84541.3,84543.8,84473.0,84473.1,84512.8,3.60098161,493.0
2026-10-02 23:15:00+00:00,84473.0,84547.8,84473.0,84547.7,84489.7,8.88731039,460.0
2026-10-02 23:30:00+00:00,84547.8,84557.9,84495.9,84552.3,84515.7,9.6758013,535.0
2026-10-02 23:45:00+00:00,84552.4,84560.6,84497.0,84503.7,84530.5,4.54099286,511.0
2026-10-03 00:00:00+00:00,84503.7,84519.8,84431.7,84503.7,84460.6,16.8537546,772.0
2026-10-03 00:15:00+00:00,84503.8,84555.4,84503.7,84542.0,84525.3,9.01164772,699.0
2026-10-03 00:30:00+00:00,84543.7,84636.5,84543.7,84616.7,84601.6,9.67227721,808.0
2026-10-03 00:45:00+00:00,84605.5,84669.5,84605.4,84635.4,84634.0,7.91328941,557.0
2026-10-03 01:00:00+00:00,84635.4,84670.6,84614.1,84642.7,84663.1,23.98561445,611.0
2026-10-03 01:15:00+00:00,84642.7,84707.3,84585.0,84603.5,84609.2,20.34352788,789.0
2026-10-03 01:30:00+00:00,84603.5,84648.7,84599.1,84615.2,84628.0,3.44293163,579.0
2026-10-03 01:45:00+00:00,84615.2,84633.5,84607.9,84624.1,84619.9,3.54751772,375.0
2026-10-03 02:00:00+00:00,84624.1,84629.1,84588.2,84601.8,84605.8,4.18699841,478.0
2026-10-03 02:15:00+00:00,84601.8,84663.5,84601.7,84627.3,84639.8,2.76736686,402.0
2026-10-03 02:30:00+00:00,84626.7,84680.1,84626.6,84665.1,84657.5,2.12871054,504.0
2026-10-03 02:45:00+00:00,84665.1,84665.1,84588.1,84588.2,84620.9,4.32003026,427.0
2026-10-03 03:00:00+00:00,84588.2,84609.1,84510.0,84520.2,84568.6,3.86996884,523.0
2026-10-03 03:15:00+00:00,84520.2,84594.9,84520.1,84576.5,84567.6,3.30737615,473.0
2026-10-03 03:30:00+00:00,84576.5,84647.4,84576.4,84647.4,84603.9,1.39741892,355.0
2026-10-03 03:45:00+00:00,84646.3,84684.4,84640.3,84684.3,84653.7,2.02331213,337.0
2026-10-03 04:00:00+00:00,84684.4,84714.8,84643.0,84644.2,84683.8,2.60002331,445.0
2026-10-03 04:15:00+00:00,84644.2,84644.7,84513.1,84514.1,84589.5,2.66887259,484.0
2026-10-03 04:30:00+00:00,84514.1,84552.7,84509.0,84542.7,84533.5,2.78365586,528.0
2026-10-03 04:45:00+00:00,84542.7,84596.9,84542.7,84569.0,84569.9,1.49448976,414.0
2026-10-03 05:00:00+00:00,84569.1,84569.9,84538.5,84552.2,84557.8,2.35538908,429.0
2026-10-03 05:15:00+00:00,84552.2,84611.4,84552.1,84611.4,84584.3,1.01635261,327.0
2026-10-03 05:30:00+00:00,84611.9,84629.5,84611.8,84620.6,84624.4,3.78846374,354.0
2026-10-03 05:45:00+00:00,84620.7,84646.5,84608.8,84634.7,84634.2,1.77551281,413.0
2026-10-03 06:00:00+00:00,84634.7,84666.4,84610.5,84613.6,84641.2,3.79330469,658.0
2026-10-03 06:15:00+00:00,84616.2,84657.1,84616.1,84632.8,84636.8,2.15617825,417.0
2026-10-03 06:30:00+00:00,84632.9,84646.9,84604.2,84630.9,84617.0,7.88748008,573.0
2026-10-03 06:45:00+00:00,84631.0,84631.0,84540.1,84559.2,84590.6,6.52073776,598.0
2026-10-03 07:00:00+00:00,84568.0,84598.8,84554.8,84583.7,84573.2,7.89838713,485.0
2026-10-03 07:15:00+00:00,84580.1,84621.8,84567.8,84621.8,84594.2,3.42264571,453.0
2026-10-03 07:30:00+00:00,84621.8,84646.1,84559.5,84559.6,84618.0,39.64834785,655.0
2026-10-03 07:45:00+00:00,84559.6,84595.0,84542.0,84542.0,84571.5,3.12851797,552.0
2026-10-03 08:00:00+00:00,84540.1,84634.9,84540.1,84628.0,84606.4,3.46961769,605.0
2026-10-03 08:15:00+00:00,84627.9,84627.9,84556.0,84572.3,84592.7,2.95958616,466.0
2026-10-03 08:30:00+00:00,84572.4,84611.3,84556.1,84611.3,84584.9,1.59889503,383.0
2026-10-03 08:45:00+00:00,84611.3,84625.6,84605.5,84606.4,84619.5,2.02218637,441.0
2026-10-03 09:00:00+00:00,84606.4,84652.1,84601.2,84620.8,84626.3,1.86461177,492.0
2026-10-03 09:15:00+00:00,84620.9,84629.3,84584.1,84585.4,84610.3,2.80621836,405.0
2026-10-03 09:30:00+00:00,84585.5,84585.5,84569.7,84569.9,84572.7,1.83617413,388.0
2026-10-03 09:45:00+00:00,84569.8,84580.2,84569.7,84578.6,84571.6,8.83737075,356.0
2026-10-03 10:00:00+00:00,84578.6,84593.6,84569.2,84569.2,84577.5,3.99945414,480.0
2026-10-03 10:15:00+00:00,84569.2,84597.9,84556.7,84563.5,84578.9,4.40006997,447.0
2026-10-03 10:30:00+00:00,84569.1,84598.3,84569.0,84591.8,84588.7,1.2920193,345.0
2026-10-03 10:45:00+00:00,84591.8,84624.9,84591.7,84624.9,84611.8,1.98384255,376.0
2026-10-03 11:00:00+00:00,84624.9,84633.2,84613.0,84624.0,84621.8,2.64497937,421.0
2026-10-03 11:15:00+00:00,84624.1,84635.1,84618.5,84632.0,84628.6,6.01370573,419.0
2026-10-03 11:30:00+00:00,84632.0,84645.0,84631.9,84644.0,84641.7,1.47987093,391.0
2026-10-03 11:45:00+00:00,84644.1,84672.9,84644.0,84667.5,84668.3,3.21144429,377.0
2026-10-03 12:00:00+00:00,84667.6,84673.0,84656.8,84673.0,84668.0,8.26972108,435.0
2026-10-03 12:15:00+00:00,84673.0,84896.7,84672.9,84836.3,84757.0,36.71577133,1135.0
2026-10-03 12:30:00+00:00,84836.3,84889.4,84768.3,84803.7,84839.3,6.23321826,780.0
2026-10-03 12:45:00+00:00,84804.6,84900.0,84804.0,84872.7,84837.4,11.62124325,596.0
2026-10-03 13:00:00+00:00,84872.7,84883.2,84805.7,84834.8,84829.3,4.82843234,699.0
2026-10-03 13:15:00+00:00,84834.8,84834.8,84761.1,84806.8,84797.8,2.57761575,530.0
2026-10-03 13:30:00+00:00,84806.8,84950.0,84806.7,84819.3,84870.4,10.31753503,918.0
2026-10-03 13:45:00+00:00,84819.2,84866.4,84819.2,84857.2,84849.5,3.58333576,468.0
2026-10-03 14:00:00+00:00,84857.2,84857.2,84771.7,84782.8,84799.7,4.4367254,629.0
2026-10-03 14:15:00+00:00,84782.8,84829.7,84782.7,84805.8,84798.5,10.98770001,492.0
2026-10-03 14:30:00+00:00,84805.9,84806.2,84737.1,84745.1,84773.3,4.4005326,577.0
2026-10-03 14:45:00+00:00,84745.1,84842.0,84745.0,84841.9,84774.9,8.2013936,585.0
2026-10-03 15:00:00+00:00,84842.0,84857.6,84760.8,84857.6,84790.7,7.5593948,760.0
2026-10-03 15:15:00+00:00,84857.6,84868.2,84823.5,84830.8,84838.5,2.45673163,543.0
2026-10-03 15:30:00+00:00,84830.8,84837.7,84760.8,84818.5,84821.0,14.53719387,662.0
2026-10-03 15:45:00+00:00,84816.7,84855.4,84815.0,84854.2,84839.5,3.27368871,395.0
2026-10-03 16:00:00+00:00,84854.2,84856.3,84818.3,84818.4,84841.2,4.38005173,590.0
2026-10-03 16:15:00+00:00,84818.4,84818.4,84778.0,84802.8,84782.3,6.28794207,460.0
2026-10-03 16:30:00+00:00,84802.9,84835.2,84801.5,84827.5,84822.2,27.64948471,616.0
2026-10-03 16:45:00+00:00,84830.8,84863.1,84825.2,84853.6,84844.9,20.40137191,629.0
2026-10-03 17:00:00+00:00,84853.6,84874.4,84853.5,84873.0,84862.5,6.07058765,506.0
2026-10-03 17:15:00+00:00,84873.0,84947.2,84872.9,84873.5,84901.1,8.34264705,628.0
2026-10-03 17:30:00+00:00,84873.6,84979.2,84833.0,84973.2,84865.9,19.01016445,813.0
2026-10-03 17:45:00+00:00,84973.2,85000.0,84913.8,84998.1,84956.2,19.7090064,899.0
2026-10-03 18:00:00+00:00,84998.1,85025.9,84965.8,84986.7,85002.5,61.61808688,999.0
2026-10-03 18:15:00+00:00,84986.6,85004.2,84941.3,84978.3,84970.2,4.3928765,471.0
2026-10-03 18:30:00+00:00,84978.4,84978.4,84910.2,84928.4,84933.2,2.59753891,401.0
2026-10-03 18:45:00+00:00,84928.3,84942.2,84916.7,84931.7,84927.2,2.18132555,466.0
2026-10-03 19:00:00+00:00,84931.0,84931.0,84833.6,84852.2,84864.5,6.49206747,577.0
2026-10-03 19:15:00+00:00,84852.2,84884.2,84814.0,84814.0,84846.4,2.29637247,488.0
2026-10-03 19:30:00+00:00,84814.1,84814.1,84770.2,84770.2,84789.2,3.82966636,557.0
2026-10-03 19:45:00+00:00,84770.1,84841.0,84704.0,84835.5,84769.4,29.26775383,806.0
2026-10-03 20:00:00+00:00,84835.5,84888.9,84834.4,84872.2,84864.1,4.56259224,694.0
2026-10-03 20:15:00+00:00,84872.3,84900.3,84857.6,84880.0,84877.8,4.54213338,665.0
2026-10-03 20:30:00+00:00,84880.1,84880.1,84845.8,84845.9,84862.5,1.90334626,498.0
2026-10-03 20:45:00+00:00,84845.9,84845.9,84716.0,84739.1,84770.6,12.48250037,762.0
2026-10-03 21:00:00+00:00,84739.1,84763.6,84538.5,84675.2,84640.2,52.85515756,1314.0
2026-10-03 21:15:00+00:00,84675.3,84717.0,84675.3,84699.8,84687.9,9.03705575,430.0
2026-10-03 21:30:00+00:00,84699.9,84715.2,84677.2,84693.4,84689.7,4.80283364,549.0
2026-10-03 21:45:00+00:00,84693.4,84739.1,84690.0,84703.5,84721.7,9.07695218,593.0
2026-10-03 22:00:00+00:00,84703.5,84779.5,84694.5,84771.3,84735.2,2.70073711,779.0
2026-10-03 22:15:00+00:00,84776.1,84777.4,84721.5,84761.2,84745.5,3.48776661,491.0
2026-10-03 22:30:00+00:00,84761.2,84780.0,84760.3,84780.0,84769.5,0.77536372,281.0
2026-10-03 22:45:00+00:00,84779.9,84798.1,84756.0,84756.1,84792.3,12.96017642,487.0
2026-10-03 23:00:00+00:00,84756.1,84776.6,84743.1,84747.8,84753.7,1.43378869,433.0
2026-10-03 23:15:00+00:00,84747.8,84800.3,84725.4,84730.8,84784.6,18.85469211,587.0
2026-10-03 23:30:00+00:00,84730.8,84780.0,84727.7,84770.2,84765.8,2.44008719,443.0
2026-10-03 23:45:00+00:00,84770.3,84780.0,84708.7,84740.0,84749.3,4.08622645,719.0
2026-10-04 00:00:00+00:00,84740.1,84826.9,84740.1,84804.9,84804.0,2.89614481,673.0
2026-10-04 00:15:00+00:00,84805.0,84862.0,84791.4,84798.4,84805.1,8.60580631,558.0
2026-10-04 00:30:00+00:00,84798.4,84833.6,84787.8,84787.8,84816.6,14.49016215,409.0
2026-10-04 00:45:00+00:00,84787.9,84837.2,84755.5,84784.4,84793.7,10.36082619,440.0
2026-10-04 01:00:00+00:00,84784.4,84809.4,84759.3,84765.3,84783.1,1.34013542,483.0
2026-10-04 01:15:00+00:00,84765.3,84765.3,84706.5,84737.5,84733.4,1.70198081,289.0
2026-10-04 01:30:00+00:00,84737.5,84790.2,84737.5,84770.2,84768.4,1.71265533,290.0
2026-10-04 01:45:00+00:00,84770.1,84799.4,84770.1,84799.4,84789.8,0.99569495,239.0
2026-10-04 02:00:00+00:00,84799.4,84856.0,84794.5,84820.1,84816.0,3.20374859,674.0
2026-10-04 02:15:00+00:00,84820.1,84847.9,84785.5,84826.6,84817.4,2.19303002,448.0
2026-10-04 02:30:00+00:00,84826.7,84840.3,84784.6,84787.9,84808.8,1.05225286,375.0
2026-10-04 02:45:00+00:00,84787.9,84797.4,84765.9,84797.4,84785.6,1.62761392,309.0
2026-10-04 03:00:00+00:00,84797.4,84797.4,84795.6,84796.7,84796.3,3.91743921,257.0
2026-10-04 03:15:00+00:00,84796.7,84814.2,84790.0,84790.0,84798.0,4.99993434,316.0
2026-10-04 03:30:00+00:00,84788.6,84880.6,84787.4,84866.5,84836.8,2.63634914,451.0
2026-10-04 03:45:00+00:00,84866.5,84866.6,84832.9,84833.0,84849.2,1.00588625,275.0
2026-10-04 04:00:00+00:00,84833.0,84833.0,84804.9,84804.9,84825.1,0.72457912,264.0
2026-10-04 04:15:00+00:00,84804.9,84805.5,84803.3,84805.4,84804.5,0.86011365,171.0
2026-10-04 04:30:00+00:00,84805.5,84805.7,84805.4,84805.7,84805.6,0.55593985,200.0
2026-10-04 04:45:00+00:00,84805.6,84805.7,84805.0,84805.6,84805.5,0.61061637,207.0
2026-10-04 05:00:00+00:00,84805.6,84832.1,84805.5,84822.4,84820.5,0.76378125,379.0
2026-10-04 05:15:00+00:00,84822.4,84868.5,84819.4,84849.3,84857.3,11.09564105,376.0
2026-10-04 05:30:00+00:00,84849.3,84915.2,84849.2,84914.4,84895.3,11.62362847,387.0
2026-10-04 05:45:00+00:00,84914.5,84920.6,84892.6,84898.8,84909.0,3.54226094,384.0
2026-10-04 06:00:00+00:00,84898.8,84922.8,84898.8,84904.1,84912.7,10.46625999,347.0
2026-10-04 06:15:00+00:00,84905.8,85036.1,84866.1,84940.5,84950.8,24.27540989,799.0
2026-10-04 06:30:00+00:00,84940.5,85024.0,84909.9,84948.8,84972.3,1.98850307,522.0
2026-10-04 06:45:00+00:00,84951.1,85056.5,84951.0,85017.3,85028.5,4.13729895,477.0
2026-10-04 07:00:00+00:00,85017.3,85017.8,84978.4,84978.4,85010.0,3.26671836,429.0
2026-10-04 07:15:00+00:00,84978.5,84996.1,84925.3,84958.6,84961.9,2.62516435,421.0
2026-10-04 07:30:00+00:00,84958.7,84963.2,84912.5,84962.0,84942.4,3.23535839,473.0
2026-10-04 07:45:00+00:00,84962.0,85097.4,84962.0,85095.4,85025.3,14.33836964,801.0
2026-10-04 08:00:00+00:00,85094.7,85166.5,85091.4,85129.4,85118.9,4.80926223,921.0
2026-10-04 08:15:00+00:00,85129.4,85185.8,85109.7,85124.4,85163.4,4.4898403,522.0
2026-10-04 08:30:00+00:00,85124.5,85136.8,85024.0,85063.8,85069.2,13.23982328,563.0
2026-10-04 08:45:00+00:00,85063.8,85106.4,85063.8,85087.0,85087.9,1.99799401,407.0
2026-10-04 09:00:00+00:00,85087.0,85113.0,85040.2,85113.0,85097.5,3.31221244,387.0
2026-10-04 09:15:00+00:00,85113.0,85274.6,85112.9,85251.3,85184.5,15.58581941,699.0
2026-10-04 09:30:00+00:00,85251.4,85281.4,85183.7,85257.9,85242.4,5.13330225,715.0
2026-10-04 09:45:00+00:00,85257.9,85319.9,85213.1,85222.3,85278.4,9.7305882,690.0
2026-10-04 10:00:00+00:00,85222.3,85271.4,85210.7,85250.3,85235.8,8.12411697,633.0
2026-10-04 10:15:00+00:00,85252.5,85406.8,85252.5,85367.0,85369.3,29.690719,995.0
2026-10-04 10:30:00+00:00,85367.0,85390.3,85282.9,85329.9,85319.8,5.505778,695.0
2026-10-04 10:45:00+00:00,85329.9,85329.9,85246.1,85255.9,85315.9,2.35117009,492.0
2026-10-04 11:00:00+00:00,85255.9,85267.3,85181.3,85245.1,85238.4,2.83353534,687.0
2026-10-04 11:15:00+00:00,85259.9,85324.0,85259.8,85306.5,85284.9,2.66013845,532.0
2026-10-04 11:30:00+00:00,85306.5,85322.0,85257.1,85259.9,85275.2,7.87258349,526.0
2026-10-04 11:45:00+00:00,85260.2,85300.0,85248.1,85300.0,85264.6,3.59506232,487.0
2026-10-04 12:00:00+00:00,85300.0,85378.0,85227.7,85227.7,85310.1,9.49071058,695.0
2026-10-04 12:15:00+00:00,85227.8,85291.9,85169.2,85260.0,85238.0,12.53446206,840.0
2026-10-04 12:30:00+00:00,85260.1,85288.0,85193.5,85193.6,85245.8,4.66254527,516.0
2026-10-04 12:45:00+00:00,85193.6,85209.9,85100.0,85125.0,85137.7,5.31275626,624.0
2026-10-04 13:00:00+00:00,85125.0,85152.9,85113.0,85152.9,85125.9,1.89463165,505.0
2026-10-04 13:15:00+00:00,85153.0,85218.9,85152.9,85214.4,85181.7,17.23434222,498.0
2026-10-04 13:30:00+00:00,85214.5,85300.0,85204.5,85213.4,85242.3,3.59929362,604.0
2026-10-04 13:45:00+00:00,85213.5,85274.0,85212.0,85231.3,85239.8,2.23611043,494.0
2026-10-04 14:00:00+00:00,85231.3,85232.0,85162.3,85186.5,85211.8,10.84388812,613.0
2026-10-04 14:15:00+00:00,85186.5,85186.5,85120.7,85173.5,85153.3,2.14280483,502.0
2026-10-04 14:30:00+00:00,85173.6,85189.2,85114.2,85114.2,85138.6,6.24452045,579.0
2026-10-04 14:45:00+00:00,85114.3,85272.6,85100.0,85270.1,85145.0,8.72214594,756.0
2026-10-04 15:00:00+00:00,85270.1,85356.4,85222.0,85331.0,85292.3,31.35135665,1082.0
2026-10-04 15:15:00+00:00,85333.9,85459.5,85268.1,85302.5,85366.3,25.70112282,1243.0
2026-10-04 15:30:00+00:00,85302.5,85334.7,85271.3,85332.9,85303.3,2.94051079,698.0
2026-10-04 15:45:00+00:00,85332.9,85390.4,85249.9,85249.9,85312.2,9.71030398,857.0
2026-10-04 16:00:00+00:00,85249.9,85290.4,85166.0,85286.1,85208.7,7.23141238,987.0
2026-10-04 16:15:00+00:00,85286.0,85299.9,85200.1,85235.8,85238.3,2.29099466,685.0
2026-10-04 16:30:00+00:00,85235.9,85330.6,85235.4,85330.6,85279.3,7.94707901,651.0
2026-10-04 16:45:00+00:00,85330.5,85425.1,85317.4,85360.1,85369.4,14.86308184,711.0
2026-10-04 17:00:00+00:00,85360.1,85383.6,85303.5,85305.7,85351.2,3.98356009,670.0
2026-10-04 17:15:00+00:00,85305.7,85379.9,85305.6,85368.8,85311.9,9.68003181,505.0
2026-10-04 17:30:00+00:00,85368.8,85409.1,85322.2,85409.1,85370.1,12.15468246,676.0
2026-10-04 17:45:00+00:00,85409.2,85441.9,85301.0,85301.0,85333.7,12.85572849,912.0
2026-10-04 18:00:00+00:00,85301.1,85331.9,85299.4,85313.1,85304.2,4.51417735,595.0
2026-10-04 18:15:00+00:00,85313.0,85328.8,85291.4,85311.3,85311.9,4.19228918,558.0
2026-10-04 18:30:00+00:00,85311.7,85333.3,85298.5,85333.3,85312.0,4.90914348,523.0
2026-10-04 18:45:00+00:00,85333.3,85341.0,85315.1,85320.7,85331.9,1.50800967,470.0
2026-10-04 19:00:00+00:00,85320.7,85398.3,85320.6,85371.0,85374.2,16.25633784,656.0
2026-10-04 19:15:00+00:00,85371.1,85452.6,85367.9,85443.4,85378.6,5.87304253,592.0
2026-10-04 19:30:00+00:00,85447.6,85551.2,85379.4,85428.0,85485.7,16.68823038,1175.0
2026-10-04 19:45:00+00:00,85428.8,85446.9,85407.7,85412.8,85422.8,3.58774215,564.0
2026-10-04 20:00:00+00:00,85412.8,85423.0,85378.0,85422.8,85402.2,7.99251192,688.0
2026-10-04 20:15:00+00:00,85422.9,85475.4,85422.8,85455.7,85435.5,5.76994989,686.0
2026-10-04 20:30:00+00:00,85455.7,85755.9,85424.3,85742.2,85623.4,24.58779296,1355.0
2026-10-04 20:45:00+00:00,85742.1,85850.0,85694.3,85817.8,85799.2,29.6422343,1675.0
2026-10-04 21:00:00+00:00,85817.8,86041.7,85768.5,86012.6,85911.4,50.20412839,1737.0
2026-10-04 21:15:00+00:00,86012.6,86049.9,85777.8,85813.9,85926.3,20.58653075,1437.0
2026-10-04 21:30:00+00:00,85813.9,85983.0,85813.9,85970.2,85931.0,11.74748067,1035.0
2026-10-04 21:45:00+00:00,85970.2,86042.1,85800.0,85844.6,85938.2,12.17228284,1080.0
2026-10-04 22:00:00+00:00,85845.1,86324.0,85845.1,86318.9,86190.3,67.70958057,2537.0
2026-10-04 22:15:00+00:00,86314.1,86667.1,86223.5,86227.2,86480.0,72.74675653,3412.0
2026-10-04 22:30:00+00:00,86228.7,86463.0,86216.3,86358.0,86341.1,25.20253111,1889.0
2026-10-04 22:45:00+00:00,86358.0,86447.8,86276.4,86423.2,86371.5,15.12601055,1234.0
2026-10-04 23:00:00+00:00,86423.3,86620.9,86374.1,86564.4,86496.2,18.3213126,1484.0
2026-10-04 23:15:00+00:00,86564.4,86778.1,86502.0,86670.3,86635.6,39.76908711,1997.0
2026-10-04 23:30:00+00:00,86668.5,86703.0,86415.6,86511.4,86539.0,13.96650771,1499.0
2026-10-04 23:45:00+00:00,86511.4,86539.5,86401.2,86510.4,86484.1,17.38383914,1300.0
2026-10-05 00:00:00+00:00,86506.6,86506.6,86301.9,86341.6,86396.8,33.64490369,1822.0
2026-10-05 00:15:00+00:00,86341.7,86477.2,86249.2,86260.6,86355.7,13.09730737,1354.0
2026-10-05 00:30:00+00:00,86260.7,86612.5,86180.2,86603.3,86360.2,19.59962079,1485.0
2026-10-05 00:45:00+00:00,86608.8,86688.8,86496.2,86630.1,86592.5,18.88212814,1472.0
2026-10-05 01:00:00+00:00,86635.5,86736.5,86456.2,86736.4,86562.7,16.17397126,1648.0
2026-10-05 01:15:00+00:00,86736.5,86973.6,86661.2,86930.5,86840.2,36.04775352,2145.0
2026-10-05 01:30:00+00:00,86930.5,86933.3,86635.0,86708.7,86744.5,22.08052795,1616.0
2026-10-05 01:45:00+00:00,86710.4,86748.2,86559.3,86595.8,86667.4,9.81268777,1075.0
2026-10-05 02:00:00+00:00,86595.8,86715.4,86556.9,86652.3,86654.2,14.41292635,1639.0
2026-10-05 02:15:00+00:00,86651.7,86681.8,86484.5,86484.5,86570.6,12.16562911,1259.0
2026-10-05 02:30:00+00:00,86484.5,86706.4,86393.9,86662.6,86559.4,8.27416437,1394.0
2026-10-05 02:45:00+00:00,86662.7,86679.3,86482.1,86513.2,86606.6,4.87874144,1047.0
2026-10-05 03:00:00+00:00,86513.2,86517.8,86373.7,86480.9,86437.4,9.91728799,1036.0
2026-10-05 03:15:00+00:00,86486.1,86487.0,86300.5,86431.1,86388.2,17.2804241,1072.0
2026-10-05 03:30:00+00:00,86431.1,86431.1,86238.4,86238.4,86290.3,9.53395446,1009.0
2026-10-05 03:45:00+00:00,86238.5,86299.2,85980.2,86052.3,86103.3,31.15573862,1281.0
2026-10-05 04:00:00+00:00,86057.4,86117.2,85922.6,85934.7,86029.4,19.18522937,1668.0
2026-10-05 04:15:00+00:00,85934.7,85934.7,85632.2,85752.6,85735.6,47.98489774,1997.0
2026-10-05 04:30:00+00:00,85752.5,85766.4,85451.4,85594.0,85553.9,89.89788661,2296.0
2026-10-05 04:45:00+00:00,85590.2,85661.0,85478.9,85505.1,85559.4,34.28641318,1421.0
2026-10-05 05:00:00+00:00,85505.1,85566.5,85451.3,85485.9,85512.7,14.42901258,1193.0
2026-10-05 05:15:00+00:00,85486.0,85522.4,85394.0,85510.1,85454.3,21.78774301,1133.0
2026-10-05 05:30:00+00:00,85510.2,85759.6,85425.0,85754.4,85615.8,23.68017051,1395.0
2026-10-05 05:45:00+00:00,85754.4,85754.4,85682.2,85740.9,85719.4,7.98693094,791.0
2026-10-05 06:00:00+00:00,85740.9,85899.4,85736.3,85893.0,85825.8,44.11816703,1475.0
2026-10-05 06:15:00+00:00,85891.5,86028.8,85852.5,85858.4,85928.2,26.40703124,1262.0
2026-10-05 06:30:00+00:00,85858.3,85937.0,85772.3,85789.9,85837.3,14.7949384,1258.0
2026-10-05 06:45:00+00:00,85789.9,86346.0,85789.9,86238.1,86086.0,30.58916473,1866.0
2026-10-05 07:00:00+00:00,86224.9,86382.7,86113.9,86281.3,86243.7,33.74195184,2097.0
2026-10-05 07:15:00+00:00,86281.3,86449.9,86103.6,86245.9,86224.1,39.40167307,1511.0
2026-10-05 07:30:00+00:00,86261.8,86376.2,86143.8,86350.3,86248.8,33.44763026,1310.0
2026-10-05 07:45:00+00:00,86350.3,86401.0,86175.6,86232.0,86289.4,30.41773668,1447.0
2026-10-05 08:00:00+00:00,86232.0,86466.3,86195.9,86399.6,86358.7,35.55630057,1862.0
2026-10-05 08:15:00+00:00,86398.1,86422.3,86285.1,86404.4,86372.3,10.12323202,1270.0
2026-10-05 08:30:00+00:00,86406.5,86445.0,86214.2,86240.3,86280.2,14.4810717,1595.0
2026-10-05 08:45:00+00:00,86238.9,86248.6,86037.5,86200.8,86168.7,13.63136326,1475.0
2026-10-05 09:00:00+00:00,86194.9,86203.8,85950.0,85950.0,86042.5,11.28638239,1375.0
2026-10-05 09:15:00+00:00,85950.1,85965.8,85756.6,85851.7,85858.4,18.06087496,1291.0
2026-10-05 09:30:00+00:00,85851.8,85965.9,85832.3,85964.5,85905.4,10.05095641,1084.0
2026-10-05 09:45:00+00:00,85964.5,86009.3,85902.6,85958.2,85971.2,21.456045,941.0
2026-10-05 10:00:00+00:00,85958.3,86067.2,85931.1,86013.4,86015.0,10.21140331,1242.0
2026-10-05 10:15:00+00:00,86013.4,86142.1,86010.7,86040.2,86070.1,6.75986719,1028.0
2026-10-05 10:30:00+00:00,86040.2,86117.9,86000.0,86010.5,86036.7,5.23917105,1090.0
2026-10-05 10:45:00+00:00,86010.5,86178.0,86000.0,86095.3,86087.6,3.06545079,970.0
2026-10-05 11:00:00+00:00,86095.3,86095.3,85900.1,85931.7,85949.0,9.83538288,1245.0
2026-10-05 11:15:00+00:00,85931.7,86205.1,85926.4,86190.1,86120.7,39.09966281,1085.0
2026-10-05 11:30:00+00:00,86190.1,86246.9,86041.3,86053.6,86120.9,25.08525274,1438.0
2026-10-05 11:45:00+00:00,86053.7,86216.7,86005.0,86193.1,86130.2,20.87203284,949.0
2026-10-05 12:00:00+00:00,86192.0,86192.0,86069.2,86117.1,86129.0,17.96756415,1158.0
2026-10-05 12:15:00+00:00,86117.1,86133.9,86012.1,86026.0,86052.6,8.27610283,1082.0
2026-10-05 12:30:00+00:00,86026.1,86026.1,85821.9,85887.5,85918.5,44.42671391,1394.0
2026-10-05 12:45:00+00:00,85886.5,85957.4,85831.7,85876.3,85870.6,19.50302919,1453.0
2026-10-05 13:00:00+00:00,85876.3,86134.0,85876.2,86102.9,86021.6,9.71417228,1442.0
2026-10-05 13:15:00+00:00,86103.1,86199.8,86001.7,86093.0,86129.0,24.7451729,1475.0
2026-10-05 13:30:00+00:00,86092.9,86125.7,85793.0,85958.6,85952.4,58.71367264,2428.0
2026-10-05 13:45:00+00:00,85958.5,86466.3,85859.0,86393.4,86319.4,60.18855942,2225.0
2026-10-05 14:00:00+00:00,86406.3,86701.8,86242.3,86618.0,86570.7,89.09910078,2444.0
2026-10-05 14:15:00+00:00,86618.0,86689.0,86243.0,86254.5,86354.4,42.58953607,2302.0
2026-10-05 14:30:00+00:00,86253.1,86253.9,85428.7,85738.8,85711.6,118.56906971,3241.0
2026-10-05 14:45:00+00:00,85738.8,85745.4,85467.1,85616.0,85613.8,37.93024199,2184.0
2026-10-05 15:00:00+00:00,85621.0,85656.7,85452.8,85504.5,85534.5,37.49124652,2086.0
2026-10-05 15:15:00+00:00,85504.2,85600.2,85477.0,85533.3,85540.3,12.99600754,1723.0
2026-10-05 15:30:00+00:00,85533.4,85570.9,85169.4,85334.1,85313.5,96.07409577,2950.0
2026-10-05 15:45:00+00:00,85337.5,85408.5,85195.1,85253.2,85281.4,31.00790114,2135.0
2026-10-05 16:00:00+00:00,85252.1,85306.0,85165.4,85235.3,85244.1,43.44488436,1855.0
2026-10-05 16:15:00+00:00,85240.3,85240.3,84965.7,85115.1,85088.8,63.66795123,2325.0
2026-10-05 16:30:00+00:00,85115.6,85277.3,85107.0,85168.3,85194.1,47.82190912,1482.0
2026-10-05 16:45:00+00:00,85168.2,85320.5,85151.0,85296.4,85242.4,14.20235474,1311.0
2026-10-05 17:00:00+00:00,85296.4,85297.1,85200.1,85254.0,85247.5,18.26961864,1119.0
2026-10-05 17:15:00+00:00,85254.0,85372.7,85253.9,85370.4,85323.6,10.00607166,1121.0
2026-10-05 17:30:00+00:00,85370.5,85370.5,85257.0,85327.3,85338.4,20.31170461,920.0
2026-10-05 17:45:00+00:00,85327.3,85437.1,85226.1,85424.6,85329.0,16.01713805,1359.0
2026-10-05 18:00:00+00:00,85424.7,85500.1,85342.1,85441.7,85426.1,22.77555257,1363.0
2026-10-05 18:15:00+00:00,85441.8,85599.2,85432.5,85553.7,85504.0,27.89110091,1205.0
2026-10-05 18:30:00+00:00,85553.6,85630.0,85508.8,85614.1,85585.2,12.73173421,1097.0
2026-10-05 18:45:00+00:00,85614.1,85650.0,85588.9,85650.0,85628.4,22.95778726,920.0
2026-10-05 19:00:00+00:00,85650.0,85691.7,85551.5,85659.5,85621.6,17.20957325,1133.0
2026-10-05 19:15:00+00:00,85659.4,85788.5,85632.1,85717.6,85714.0,33.70213669,1505.0
2026-10-05 19:30:00+00:00,85717.5,85780.3,85660.3,85708.2,85713.1,82.71004446,1682.0
2026-10-05 19:45:00+00:00,85708.2,85738.9,85649.6,85730.2,85691.5,16.79327936,1209.0
2026-10-05 20:00:00+00:00,85731.7,85767.0,85639.9,85678.9,85708.0,12.66331793,988.0
2026-10-05 20:15:00+00:00,85679.0,85815.1,85678.9,85761.8,85766.1,18.72255166,917.0
2026-10-05 20:30:00+00:00,85761.9,85817.5,85723.2,85785.9,85781.8,13.29473169,711.0
2026-10-05 20:45:00+00:00,85786.0,85850.0,85769.4,85769.4,85819.2,20.04909098,867.0
2026-10-05 21:00:00+00:00,85769.4,85769.4,85685.6,85737.8,85722.1,15.13108894,777.0
2026-10-05 21:15:00+00:00,85737.9,85820.8,85737.8,85800.1,85804.3,35.12394173,746.0
2026-10-05 21:30:00+00:00,85800.1,85916.0,85800.0,85905.4,85883.6,27.53508591,829.0
2026-10-05 21:45:00+00:00,85905.3,85977.9,85829.1,85930.4,85943.7,8.5909073,679.0
2026-10-05 22:00:00+00:00,85930.4,85994.0,85837.5,85943.5,85941.4,23.50020461,1210.0
2026-10-05 22:15:00+00:00,85945.8,86009.9,85873.2,85993.8,85964.7,14.74391125,806.0
2026-10-05 22:30:00+00:00,85993.8,86001.0,85868.4,85964.7,85927.6,15.5950153,855.0
2026-10-05 22:45:00+00:00,85964.8,85975.6,85877.3,85923.3,85924.3,8.87553545,548.0
2026-10-05 23:00:00+00:00,85923.3,86054.8,85829.7,85852.1,85991.3,54.58757861,1114.0
2026-10-05 23:15:00+00:00,85852.1,85985.8,85829.3,85914.3,85878.2,10.99077043,909.0
2026-10-05 23:30:00+00:00,85914.4,85916.7,85812.6,85833.2,85882.9,10.50369974,632.0
2026-10-05 23:45:00+00:00,85833.1,85841.3,85716.6,85751.5,85771.7,18.07296409,1071.0
2026-10-06 00:00:00+00:00,85751.5,85874.8,85751.5,85807.9,85809.1,10.9127436,896.0
2026-10-06 00:15:00+00:00,85808.0,85965.2,85808.0,85817.6,85864.1,10.18371776,1113.0
2026-10-06 00:30:00+00:00,85817.6,85888.9,85765.3,85787.8,85807.0,5.89799325,923.0
2026-10-06 00:45:00+00:00,85787.8,85901.7,85761.0,85901.7,85834.0,3.12341361,734.0
2026-10-06 01:00:00+00:00,85901.7,86125.8,85901.7,86054.8,86059.0,21.56718011,1383.0
2026-10-06 01:15:00+00:00,86054.8,86054.8,85849.2,85972.4,85958.7,16.03860208,1037.0
2026-10-06 01:30:00+00:00,85972.4,85979.1,85647.2,85661.0,85751.4,18.04109367,1379.0
2026-10-06 01:45:00+00:00,85656.5,85730.2,85592.5,85660.1,85640.8,14.14922707,970.0
2026-10-06 02:00:00+00:00,85660.4,85660.4,85455.5,85455.6,85534.2,9.99764409,974.0
2026-10-06 02:15:00+00:00,85455.6,85743.3,85445.3,85619.4,85592.4,6.94158858,938.0
2026-10-06 02:30:00+00:00,85619.5,85681.2,85486.6,85579.1,85597.7,4.35833143,869.0
2026-10-06 02:45:00+00:00,85579.0,85579.0,85489.0,85515.1,85505.4,12.48014465,660.0
2026-10-06 03:00:00+00:00,85515.1,85580.8,85500.0,85511.2,85553.2,12.43198067,688.0
2026-10-06 03:15:00+00:00,85511.2,85591.9,85451.8,85451.8,85533.9,5.72945603,700.0
2026-10-06 03:30:00+00:00,85451.4,85456.9,85305.0,85450.0,85375.9,15.66888447,1119.0
2026-10-06 03:45:00+00:00,85450.1,85559.8,85450.0,85493.1,85515.3,6.64775927,757.0
2026-10-06 04:00:00+00:00,85494.8,85609.0,85489.6,85604.7,85548.2,4.7507151,757.0
2026-10-06 04:15:00+00:00,85604.7,85616.4,85565.5,85565.6,85600.5,2.70131206,503.0
2026-10-06 04:30:00+00:00,85565.6,85600.0,85536.1,85569.2,85571.6,14.48756239,634.0
2026-10-06 04:45:00+00:00,85569.3,85602.2,85545.5,85601.5,85571.5,13.93366497,473.0
2026-10-06 05:00:00+00:00,85601.5,85727.3,85555.8,85681.5,85670.9,7.95011787,823.0
2026-10-06 05:15:00+00:00,85681.5,85692.1,85620.9,85662.4,85645.5,5.74944053,615.0
2026-10-06 05:30:00+00:00,85662.4,85683.4,85556.5,85566.1,85609.0,4.29058329,699.0
2026-10-06 05:45:00+00:00,85566.1,85566.1,85485.9,85505.7,85520.3,4.44668167,526.0
2026-10-06 06:00:00+00:00,85505.7,85505.7,85119.7,85128.1,85281.7,40.67904784,1697.0
2026-10-06 06:15:00+00:00,85128.2,85267.9,85110.1,85235.8,85248.7,35.89226629,1015.0
2026-10-06 06:30:00+00:00,85229.6,85336.0,85227.1,85319.7,85283.4,2.86903463,740.0
2026-10-06 06:45:00+00:00,85320.5,85352.9,85287.6,85287.6,85310.8,3.25216684,571.0
2026-10-06 07:00:00+00:00,85287.6,85340.4,85250.0,85340.4,85296.2,6.96070196,714.0
2026-10-06 07:15:00+00:00,85344.4,85391.7,85278.2,85279.9,85345.0,11.21230998,584.0
2026-10-06 07:30:00+00:00,85280.0,85489.6,85278.5,85489.6,85386.5,8.18191071,548.0
2026-10-06 07:45:00+00:00,85489.6,85610.3,85489.6,85536.0,85579.4,5.8652246,752.0
2026-10-06 08:00:00+00:00,85536.1,85988.0,85529.2,85763.3,85816.6,15.66705181,1437.0
2026-10-06 08:15:00+00:00,85763.2,85908.2,85745.1,85856.8,85813.9,4.95563476,887.0
2026-10-06 08:30:00+00:00,85856.8,85942.9,85776.5,85942.8,85845.0,9.82687668,992.0
2026-10-06 08:45:00+00:00,85942.8,86031.6,85911.4,86003.0,85964.6,17.30262713,908.0
2026-10-06 09:00:00+00:00,86003.1,86042.0,85864.3,85917.1,85983.8,4.95044123,892.0
2026-10-06 09:15:00+00:00,85917.1,86100.0,85647.8,85762.0,85965.6,76.80247449,1484.0
2026-10-06 09:30:00+00:00,85762.0,85950.0,85737.4,85884.0,85841.1,11.47495907,1022.0
2026-10-06 09:45:00+00:00,85884.0,86189.3,85852.6,85969.0,86037.2,23.6550442,1368.0
2026-10-06 10:00:00+00:00,85969.0,86133.0,85934.2,86133.0,86052.7,5.13190224,1116.0
2026-10-06 10:15:00+00:00,86133.0,86133.0,85998.1,86112.7,86073.1,5.98831174,1071.0
2026-10-06 10:30:00+00:00,86112.8,86182.3,85984.2,86166.5,86077.1,19.15042407,881.0
2026-10-06 10:45:00+00:00,86163.6,86237.5,86104.6,86140.2,86186.5,16.39471999,1002.0
2026-10-06 11:00:00+00:00,86141.3,86193.2,86047.5,86159.3,86128.0,16.36590843,1136.0
2026-10-06 11:15:00+00:00,86159.2,86355.0,86159.2,86184.1,86262.0,29.57590817,1278.0
2026-10-06 11:30:00+00:00,86184.2,86322.8,86165.5,86302.1,86263.3,15.07379634,1089.0
2026-10-06 11:45:00+00:00,86302.2,86344.0,86220.1,86231.4,86292.2,4.23480472,959.0
2026-10-06 12:00:00+00:00,86231.3,86383.3,86227.5,86363.4,86297.4,22.33557137,1100.0
2026-10-06 12:15:00+00:00,86363.3,86383.3,86118.9,86136.7,86223.3,44.51566912,1412.0
2026-10-06 12:30:00+00:00,86136.6,86270.1,86101.0,86251.5,86179.6,12.04169106,1149.0
2026-10-06 12:45:00+00:00,86251.5,86311.9,86133.0,86193.4,86197.2,19.22811213,1179.0
2026-10-06 13:00:00+00:00,86193.3,86223.5,86062.9,86069.8,86116.1,36.23129812,1409.0
2026-10-06 13:15:00+00:00,86069.9,86098.6,85958.3,85998.7,86045.5,56.17957223,1274.0
2026-10-06 13:30:00+00:00,86004.6,86429.0,85978.7,86353.8,86209.2,99.18009136,2857.0
2026-10-06 13:45:00+00:00,86353.8,86472.9,86248.4,86301.0,86406.6,49.99179172,2171.0
2026-10-06 14:00:00+00:00,86301.0,86367.8,86076.6,86304.7,86191.0,44.47494357,2293.0
2026-10-06 14:15:00+00:00,86304.7,86329.4,85949.1,86011.9,86058.3,69.05465375,2472.0
2026-10-06 14:30:00+00:00,86012.0,86349.9,85984.5,86294.1,86176.2,31.94601151,1901.0
2026-10-06 14:45:00+00:00,86294.2,86619.9,86198.2,86595.4,86470.7,53.42106625,2101.0
2026-10-06 15:00:00+00:00,86589.6,86683.4,86527.7,86594.8,86596.0,47.04602978,1521.0
2026-10-06 15:15:00+00:00,86594.8,86650.5,86236.9,86266.3,86420.7,20.97081271,1517.0
2026-10-06 15:30:00+00:00,86266.3,86474.5,86087.2,86087.2,86303.4,52.42166097,1714.0
2026-10-06 15:45:00+00:00,86087.2,86104.4,85724.7,85724.7,85988.5,74.41158168,1952.0
2026-10-06 16:00:00+00:00,85724.6,85836.1,85704.6,85785.0,85760.7,28.4007358,1597.0
2026-10-06 16:15:00+00:00,85785.0,85789.0,85650.0,85696.9,85711.4,20.96344773,1619.0
2026-10-06 16:30:00+00:00,85697.0,85755.1,85566.2,85711.0,85606.7,62.15323133,1380.0
2026-10-06 16:45:00+00:00,85711.0,85729.7,85577.3,85589.1,85645.0,46.03913075,1257.0
2026-10-06 17:00:00+00:00,85589.1,85637.1,85507.0,85530.0,85557.0,57.58154007,1385.0
2026-10-06 17:15:00+00:00,85529.9,85656.0,85478.1,85624.8,85577.7,51.4108585,1286.0
2026-10-06 17:30:00+00:00,85624.8,85626.3,85520.2,85595.0,85573.0,40.09747421,1031.0
2026-10-06 17:45:00+00:00,85595.0,85740.9,85539.3,85714.5,85704.0,42.19598227,1197.0
2026-10-06 18:00:00+00:00,85715.2,85797.0,85715.2,85770.6,85761.6,18.83747374,1034.0
2026-10-06 18:15:00+00:00,85770.5,85785.8,85631.3,85718.3,85697.4,65.9998605,1330.0
2026-10-06 18:30:00+00:00,85718.4,85718.4,85552.3,85621.0,85648.4,24.29788908,1015.0
2026-10-06 18:45:00+00:00,85621.0,85621.1,85492.7,85493.1,85522.4,41.69700918,1166.0
2026-10-06 19:00:00+00:00,85493.2,85541.9,85406.1,85483.6,85490.0,55.91883977,1199.0
2026-10-06 19:15:00+00:00,85483.6,85538.2,85434.8,85487.2,85473.7,10.31697727,940.0
2026-10-06 19:30:00+00:00,85487.2,85588.2,85487.2,85490.2,85540.3,13.22662627,923.0
